epsilon,sigma,loss,loss_sd,n_stable,crash_frac,violations
0.5,0.3,1.011241,0.039627,5,0.0,
0.5,0.30308,1.077917,0.047219,5,0.0,
0.5,0.30615,0.983447,0.064113,5,0.0,
0.5,0.30923,0.989264,0.056486,5,0.0,
0.5,0.31231,0.944535,0.059766,5,0.0,
0.5,0.31538,0.969926,0.035736,5,0.0,
0.5,0.31846,0.929752,0.041069,5,0.0,
0.5,0.32154,0.924731,0.034902,5,0.0,
0.5,0.32462,0.924816,0.03582,5,0.0,
0.5,0.32769,0.915599,0.030277,5,0.0,
0.5,0.33077,0.974018,0.04212,5,0.0,
0.5,0.33385,0.982663,0.046322,5,0.0,
0.5,0.33692,0.997914,0.021624,5,0.0,
0.5,0.34,1.092702,0.031939,5,0.0,
0.5,0.34308,1.111134,0.046397,5,0.0,
0.5,0.34615,1.218582,0.026919,5,0.0,
0.5,0.34923,1.324432,0.036429,5,0.0,
0.5,0.35231,1.42645,0.042442,5,0.0,
0.5,0.35538,1.573907,0.021797,5,0.0,
0.5,0.35846,1.762066,0.016406,5,0.0,
0.5,0.36154,1.691154,0.124278,5,0.0,
0.5,0.36462,1.686559,0.019497,5,0.0,
0.5,0.36769,1.874405,0.010159,5,0.0,
0.5,0.37077,2.086898,0.012105,5,0.0,
0.5,0.37385,2.333795,0.012075,5,0.0,
0.5,0.37692,2.627922,0.014204,5,0.0,
0.5,0.38,2.973035,0.011331,5,0.0,
0.5,0.38308,3.358555,0.005367,5,0.0,
0.5,0.38615,3.814791,0.00916,5,0.0,
0.5,0.38923,4.314698,0.010249,5,0.0,
0.5,0.39231,4.883263,0.005571,5,0.0,
0.5,0.39538,5.529656,0.008211,5,0.0,
0.5,0.39846,6.250064,0.00681,5,0.0,
0.5,0.40154,7.042338,0.009733,5,0.0,
0.5,0.40462,7.943162,0.005165,5,0.0,
0.5,0.40769,8.933634,0.007657,5,0.0,
0.5,0.41077,10.038791,0.005465,5,0.0,
0.5,0.41385,11.259229,0.003475,5,0.0,
0.5,0.41692,12.609718,0.008252,5,0.0,
0.5,0.42,14.091468,0.004503,5,0.0,
0.53846,0.3,1.06894,0.040228,5,0.0,
0.53846,0.30308,0.965804,0.062474,5,0.0,
0.53846,0.30615,0.93701,0.062342,5,0.0,
0.53846,0.30923,0.935928,0.052649,5,0.0,
0.53846,0.31231,0.860747,0.05291,5,0.0,
0.53846,0.31538,0.899801,0.068767,5,0.0,
0.53846,0.31846,0.801312,0.024854,5,0.0,
0.53846,0.32154,0.853214,0.031456,5,0.0,
0.53846,0.32462,0.857411,0.068094,5,0.0,
0.53846,0.32769,0.843757,0.028771,5,0.0,
0.53846,0.33077,0.861746,0.021047,5,0.0,
0.53846,0.33385,0.894953,0.027873,5,0.0,
0.53846,0.33692,0.931942,0.033408,5,0.0,
0.53846,0.34,1.021603,0.027279,5,0.0,
0.53846,0.34308,1.075949,0.016399,5,0.0,
0.53846,0.34615,1.132318,0.023503,5,0.0,
0.53846,0.34923,1.242835,0.033491,5,0.0,
0.53846,0.35231,1.344164,0.018571,5,0.0,
0.53846,0.35538,1.521307,0.012361,5,0.0,
0.53846,0.35846,1.752103,0.036043,5,0.0,
0.53846,0.36154,1.494861,0.024952,5,0.0,
0.53846,0.36462,1.65045,0.01791,5,0.0,
0.53846,0.36769,1.824139,0.01343,5,0.0,
0.53846,0.37077,2.062373,0.013327,5,0.0,
0.53846,0.37385,2.327953,0.010383,5,0.0,
0.53846,0.37692,2.647771,0.005708,5,0.0,
0.53846,0.38,3.011079,0.007085,5,0.0,
0.53846,0.38308,3.441657,0.002395,5,0.0,
0.53846,0.38615,3.918383,0.007408,5,0.0,
0.53846,0.38923,4.456688,0.005558,5,0.0,
0.53846,0.39231,5.080675,0.005441,5,0.0,
0.53846,0.39538,5.767856,0.008208,5,0.0,
0.53846,0.39846,6.539395,0.009306,5,0.0,
0.53846,0.40154,7.402673,0.010711,5,0.0,
0.53846,0.40462,8.369644,0.006221,5,0.0,
0.53846,0.40769,9.438567,0.004231,5,0.0,
0.53846,0.41077,10.627339,0.006754,5,0.0,
0.53846,0.41385,11.946863,0.007709,5,0.0,
0.53846,0.41692,13.394441,0.004079,5,0.0,
0.53846,0.42,14.989266,0.003534,5,0.0,
0.57692,0.3,1.079395,0.075743,5,0.0,
0.57692,0.30308,0.981028,0.040852,5,0.0,
0.57692,0.30615,0.96028,0.065421,5,0.0,
0.57692,0.30923,0.842081,0.057562,5,0.0,
0.57692,0.31231,0.790948,0.043515,5,0.0,
0.57692,0.31538,0.755429,0.040767,5,0.0,
0.57692,0.31846,0.736553,0.019379,5,0.0,
0.57692,0.32154,0.700654,0.037807,5,0.0,
0.57692,0.32462,0.752495,0.04762,5,0.0,
0.57692,0.32769,0.751732,0.034894,5,0.0,
0.57692,0.33077,0.80423,0.034591,5,0.0,
0.57692,0.33385,0.809229,0.054733,5,0.0,
0.57692,0.33692,0.845454,0.019422,5,0.0,
0.57692,0.34,0.897278,0.046934,5,0.0,
0.57692,0.34308,0.9877,0.024392,5,0.0,
0.57692,0.34615,1.075628,0.024857,5,0.0,
0.57692,0.34923,1.192314,0.034987,5,0.0,
0.57692,0.35231,1.323599,0.016121,5,0.0,
0.57692,0.35538,1.495997,0.014593,5,0.0,
0.57692,0.35846,1.528278,0.233329,5,0.0,
0.57692,0.36154,1.413476,0.004427,5,0.0,
0.57692,0.36462,1.57705,0.011555,5,0.0,
0.57692,0.36769,1.794703,0.008037,5,0.0,
0.57692,0.37077,2.024399,0.009044,5,0.0,
0.57692,0.37385,2.326974,0.010572,5,0.0,
0.57692,0.37692,2.670935,0.009898,5,0.0,
0.57692,0.38,3.07017,0.012768,5,0.0,
0.57692,0.38308,3.514491,0.010497,5,0.0,
0.57692,0.38615,4.028394,0.007857,5,0.0,
0.57692,0.38923,4.613906,0.006592,5,0.0,
0.57692,0.39231,5.278145,0.009803,5,0.0,
0.57692,0.39538,6.003676,0.00719,5,0.0,
0.57692,0.39846,6.841359,0.001278,5,0.0,
0.57692,0.40154,7.762975,0.008292,5,0.0,
0.57692,0.40462,8.789545,0.007503,5,0.0,
0.57692,0.40769,9.941283,0.011168,5,0.0,
0.57692,0.41077,11.213162,0.006521,5,0.0,
0.57692,0.41385,12.620673,0.005154,5,0.0,
0.57692,0.41692,14.178847,0.002783,5,0.0,
0.57692,0.42,15.89102,0.003761,5,0.0,
0.61538,0.3,1.0495,0.032204,5,0.0,
0.61538,0.30308,1.089027,0.051663,5,0.0,
0.61538,0.30615,0.946556,0.063692,5,0.0,
0.61538,0.30923,0.851614,0.054495,5,0.0,
0.61538,0.31231,0.821539,0.05824,5,0.0,
0.61538,0.31538,0.72613,0.0644,5,0.0,
0.61538,0.31846,0.673638,0.064143,5,0.0,
0.61538,0.32154,0.670433,0.034852,5,0.0,
0.61538,0.32462,0.676613,0.051159,5,0.0,
0.61538,0.32769,0.67458,0.030079,5,0.0,
0.61538,0.33077,0.715941,0.037279,5,0.0,
0.61538,0.33385,0.75903,0.021577,5,0.0,
0.61538,0.33692,0.770091,0.036837,5,0.0,
0.61538,0.34,0.818346,0.029399,5,0.0,
0.61538,0.34308,0.91503,0.04108,5,0.0,
0.61538,0.34615,1.02586,0.060787,5,0.0,
0.61538,0.34923,1.107785,0.029521,5,0.0,
0.61538,0.35231,1.257512,0.012557,5,0.0,
0.61538,0.35538,1.42007,0.110697,5,0.0,
0.61538,0.35846,1.251529,0.089948,5,0.0,
0.61538,0.36154,1.347246,0.013229,5,0.0,
0.61538,0.36462,1.533307,0.013782,5,0.0,
0.61538,0.36769,1.741392,0.014486,5,0.0,
0.61538,0.37077,2.007558,0.017776,5,0.0,
0.61538,0.37385,2.321677,0.010843,5,0.0,
0.61538,0.37692,2.695649,0.008414,5,0.0,
0.61538,0.38,3.104226,0.012907,5,0.0,
0.61538,0.38308,3.585902,0.010026,5,0.0,
0.61538,0.38615,4.133456,0.009223,5,0.0,
0.61538,0.38923,4.756975,0.005268,5,0.0,
0.61538,0.39231,5.463991,0.007298,5,0.0,
0.61538,0.39538,6.243886,0.006059,5,0.0,
0.61538,0.39846,7.128462,0.006244,5,0.0,
0.61538,0.40154,8.118895,0.002671,5,0.0,
0.61538,0.40462,9.224286,0.005621,5,0.0,
0.61538,0.40769,10.447027,0.004949,5,0.0,
0.61538,0.41077,11.803778,0.004621,5,0.0,
0.61538,0.41385,13.30616,0.005052,5,0.0,
0.61538,0.41692,14.962091,0.008936,5,0.0,
0.61538,0.42,16.791024,0.006369,5,0.0,
0.65385,0.3,1.151071,0.073925,5,0.0,
0.65385,0.30308,1.029742,0.060587,5,0.0,
0.65385,0.30615,0.947159,0.075433,5,0.0,
0.65385,0.30923,0.899344,0.060859,5,0.0,
0.65385,0.31231,0.816688,0.056019,5,0.0,
0.65385,0.31538,0.704148,0.046602,5,0.0,
0.65385,0.31846,0.638919,0.031856,5,0.0,
0.65385,0.32154,0.597609,0.034052,5,0.0,
0.65385,0.32462,0.625151,0.063717,5,0.0,
0.65385,0.32769,0.573273,0.028951,5,0.0,
0.65385,0.33077,0.611166,0.036552,5,0.0,
0.65385,0.33385,0.665194,0.028224,5,0.0,
0.65385,0.33692,0.715534,0.048394,5,0.0,
0.65385,0.34,0.769241,0.031139,5,0.0,
0.65385,0.34308,0.837547,0.015181,5,0.0,
0.65385,0.34615,0.941007,0.021703,5,0.0,
0.65385,0.34923,1.058405,0.044516,5,0.0,
0.65385,0.35231,1.220519,0.020728,5,0.0,
0.65385,0.35538,1.10245,0.101295,5,0.0,
0.65385,0.35846,1.129811,0.034443,5,0.0,
0.65385,0.36154,1.265942,0.013607,5,0.0,
0.65385,0.36462,1.463292,0.021111,5,0.0,
0.65385,0.36769,1.706027,0.008655,5,0.0,
0.65385,0.37077,1.984359,0.007389,5,0.0,
0.65385,0.37385,2.314528,0.004834,5,0.0,
0.65385,0.37692,2.707756,0.006525,5,0.0,
0.65385,0.38,3.153217,0.011796,5,0.0,
0.65385,0.38308,3.664353,0.004534,5,0.0,
0.65385,0.38615,4.247902,0.010363,5,0.0,
0.65385,0.38923,4.914292,0.001982,5,0.0,
0.65385,0.39231,5.647189,0.005812,5,0.0,
0.65385,0.39538,6.493959,0.008121,5,0.0,
0.65385,0.39846,7.432258,0.010075,5,0.0,
0.65385,0.40154,8.480523,0.00538,5,0.0,
0.65385,0.40462,9.647048,0.007535,5,0.0,
0.65385,0.40769,10.948501,0.005775,5,0.0,
0.65385,0.41077,12.392993,0.004826,5,0.0,
0.65385,0.41385,13.987612,0.006139,5,0.0,
0.65385,0.41692,15.749626,0.007566,5,0.0,
0.65385,0.42,17.69133,0.003166,5,0.0,
0.69231,0.3,1.092397,0.029929,5,0.0,
0.69231,0.30308,0.974377,0.087896,5,0.0,
0.69231,0.30615,0.94391,0.061637,5,0.0,
0.69231,0.30923,0.914903,0.066644,5,0.0,
0.69231,0.31231,0.817445,0.050935,5,0.0,
0.69231,0.31538,0.733889,0.034035,5,0.0,
0.69231,0.31846,0.638936,0.041589,5,0.0,
0.69231,0.32154,0.523426,0.028875,5,0.0,
0.69231,0.32462,0.528058,0.049138,5,0.0,
0.69231,0.32769,0.539662,0.0412,5,0.0,
0.69231,0.33077,0.504191,0.026794,5,0.0,
0.69231,0.33385,0.583885,0.04747,5,0.0,
0.69231,0.33692,0.609629,0.04275,5,0.0,
0.69231,0.34,0.685692,0.019101,5,0.0,
0.69231,0.34308,0.768395,0.020489,5,0.0,
0.69231,0.34615,0.857866,0.029253,5,0.0,
0.69231,0.34923,0.992914,0.025203,5,0.0,
0.69231,0.35231,1.172646,0.015938,5,0.0,
0.69231,0.35538,0.957547,0.08582,5,0.0,
0.69231,0.35846,1.03427,0.014056,5,0.0,
0.69231,0.36154,1.189517,0.014519,5,0.0,
0.69231,0.36462,1.420076,0.021343,5,0.0,
0.69231,0.36769,1.663358,0.011264,5,0.0,
0.69231,0.37077,1.955498,0.008678,5,0.0,
0.69231,0.37385,2.32146,0.013311,5,0.0,
0.69231,0.37692,2.719546,0.01166,5,0.0,
0.69231,0.38,3.197648,0.009308,5,0.0,
0.69231,0.38308,3.731948,0.00911,5,0.0,
0.69231,0.38615,4.350208,0.004918,5,0.0,
0.69231,0.38923,5.053417,0.010586,5,0.0,
0.69231,0.39231,5.841379,0.003457,5,0.0,
0.69231,0.39538,6.732593,0.004611,5,0.0,
0.69231,0.39846,7.731368,0.007448,5,0.0,
0.69231,0.40154,8.835116,0.005551,5,0.0,
0.69231,0.40462,10.073392,0.005273,5,0.0,
0.69231,0.40769,11.458187,0.003069,5,0.0,
0.69231,0.41077,12.980495,0.005505,5,0.0,
0.69231,0.41385,14.675921,0.00522,5,0.0,
0.69231,0.41692,16.534303,0.006243,5,0.0,
0.69231,0.42,18.591887,0.003542,5,0.0,
0.73077,0.3,1.168505,0.065608,5,0.0,
0.73077,0.30308,1.075352,0.098501,5,0.0,
0.73077,0.30615,0.959291,0.014553,5,0.0,
0.73077,0.30923,0.925569,0.045154,5,0.0,
0.73077,0.31231,0.853246,0.0178,5,0.0,
0.73077,0.31538,0.760213,0.077593,5,0.0,
0.73077,0.31846,0.6867,0.031522,5,0.0,
0.73077,0.32154,0.61968,0.026681,5,0.0,
0.73077,0.32462,0.47812,0.033908,5,0.0,
0.73077,0.32769,0.423105,0.031199,5,0.0,
0.73077,0.33077,0.43417,0.027626,5,0.0,
0.73077,0.33385,0.483012,0.023531,5,0.0,
0.73077,0.33692,0.53928,0.023531,5,0.0,
0.73077,0.34,0.569238,0.017312,5,0.0,
0.73077,0.34308,0.67683,0.046862,5,0.0,
0.73077,0.34615,0.794209,0.025645,5,0.0,
0.73077,0.34923,0.926231,0.017719,5,0.0,
0.73077,0.35231,1.097197,0.048734,5,0.0,
0.73077,0.35538,0.831278,0.031435,5,0.0,
0.73077,0.35846,0.949056,0.021921,5,0.0,
0.73077,0.36154,1.126065,0.01732,5,0.0,
0.73077,0.36462,1.347281,0.011083,5,0.0,
0.73077,0.36769,1.61274,0.0061,5,0.0,
0.73077,0.37077,1.928006,0.010332,5,0.0,
0.73077,0.37385,2.303481,0.007974,5,0.0,
0.73077,0.37692,2.736637,0.013458,5,0.0,
0.73077,0.38,3.243453,0.005596,5,0.0,
0.73077,0.38308,3.815203,0.010543,5,0.0,
0.73077,0.38615,4.473875,0.010818,5,0.0,
0.73077,0.38923,5.197793,0.006319,5,0.0,
0.73077,0.39231,6.037673,0.007948,5,0.0,
0.73077,0.39538,6.968201,0.002825,5,0.0,
0.73077,0.39846,8.022136,0.004202,5,0.0,
0.73077,0.40154,9.192314,0.005012,5,0.0,
0.73077,0.40462,10.498949,0.005052,5,0.0,
0.73077,0.40769,11.959175,0.003225,5,0.0,
0.73077,0.41077,13.564685,0.003211,5,0.0,
0.73077,0.41385,15.34771,0.004946,5,0.0,
0.73077,0.41692,17.327366,0.007462,5,0.0,
0.73077,0.42,19.498541,0.00284,5,0.0,
0.76923,0.3,1.14375,0.052546,5,0.0,
0.76923,0.30308,1.090041,0.047566,5,0.0,
0.76923,0.30615,1.000274,0.054774,5,0.0,
0.76923,0.30923,0.943582,0.073241,5,0.0,
0.76923,0.31231,0.876241,0.06201,5,0.0,
0.76923,0.31538,0.808261,0.052168,5,0.0,
0.76923,0.31846,0.694609,0.041636,5,0.0,
0.76923,0.32154,0.620785,0.04135,5,0.0,
0.76923,0.32462,0.507515,0.042937,5,0.0,
0.76923,0.32769,0.401697,0.031242,5,0.0,
0.76923,0.33077,0.367103,0.019125,5,0.0,
0.76923,0.33385,0.400061,0.046226,5,0.0,
0.76923,0.33692,0.42751,0.034161,5,0.0,
0.76923,0.34,0.507767,0.058805,5,0.0,
0.76923,0.34308,0.593326,0.021873,5,0.0,
0.76923,0.34615,0.701498,0.01656,5,0.0,
0.76923,0.34923,0.886644,0.019121,5,0.0,
0.76923,0.35231,0.814199,0.185821,5,0.0,
0.76923,0.35538,0.745014,0.021359,5,0.0,
0.76923,0.35846,0.87229,0.009326,5,0.0,
0.76923,0.36154,1.051209,0.011862,5,0.0,
0.76923,0.36462,1.296099,0.020177,5,0.0,
0.76923,0.36769,1.576928,0.014211,5,0.0,
0.76923,0.37077,1.912134,0.005826,5,0.0,
0.76923,0.37385,2.298902,0.010961,5,0.0,
0.76923,0.37692,2.757159,0.006606,5,0.0,
0.76923,0.38,3.284657,0.008407,5,0.0,
0.76923,0.38308,3.882603,0.003066,5,0.0,
0.76923,0.38615,4.561834,0.0057,5,0.0,
0.76923,0.38923,5.350547,0.006269,5,0.0,
0.76923,0.39231,6.222442,0.003834,5,0.0,
0.76923,0.39538,7.211965,0.004686,5,0.0,
0.76923,0.39846,8.317645,0.003525,5,0.0,
0.76923,0.40154,9.548474,0.003634,5,0.0,
0.76923,0.40462,10.928756,0.008344,5,0.0,
0.76923,0.40769,12.458875,0.009203,5,0.0,
0.76923,0.41077,14.148413,0.00476,5,0.0,
0.76923,0.41385,16.031871,0.005542,5,0.0,
0.76923,0.41692,18.109942,0.002196,5,0.0,
0.76923,0.42,20.396756,0.004871,5,0.0,
0.80769,0.3,1.138609,0.032511,5,0.0,
0.80769,0.30308,1.096964,0.039344,5,0.0,
0.80769,0.30615,1.000496,0.035552,5,0.0,
0.80769,0.30923,0.955883,0.043405,5,0.0,
0.80769,0.31231,0.871087,0.0528,5,0.0,
0.80769,0.31538,0.76581,0.034718,5,0.0,
0.80769,0.31846,0.715103,0.014648,5,0.0,
0.80769,0.32154,0.654797,0.040096,5,0.0,
0.80769,0.32462,0.551234,0.042259,5,0.0,
0.80769,0.32769,0.407813,0.03567,5,0.0,
0.80769,0.33077,0.313416,0.044896,5,0.0,
0.80769,0.33385,0.3136,0.018704,5,0.0,
0.80769,0.33692,0.383732,0.012075,5,0.0,
0.80769,0.34,0.416847,0.028015,5,0.0,
0.80769,0.34308,0.507092,0.031419,5,0.0,
0.80769,0.34615,0.634764,0.022463,5,0.0,
0.80769,0.34923,0.827704,0.021668,5,0.0,
0.80769,0.35231,0.542517,0.030973,5,0.0,
0.80769,0.35538,0.631728,0.023165,5,0.0,
0.80769,0.35846,0.779343,0.012423,5,0.0,
0.80769,0.36154,0.988184,0.013379,5,0.0,
0.80769,0.36462,1.233178,0.021252,5,0.0,
0.80769,0.36769,1.528695,0.014888,5,0.0,
0.80769,0.37077,1.880148,0.006332,5,0.0,
0.80769,0.37385,2.297079,0.012613,5,0.0,
0.80769,0.37692,2.773742,0.007727,5,0.0,
0.80769,0.38,3.32832,0.006365,5,0.0,
0.80769,0.38308,3.956268,0.004077,5,0.0,
0.80769,0.38615,4.674679,0.002252,5,0.0,
0.80769,0.38923,5.495666,0.008073,5,0.0,
0.80769,0.39231,6.418965,0.007709,5,0.0,
0.80769,0.39538,7.451219,0.006518,5,0.0,
0.80769,0.39846,8.608158,0.004158,5,0.0,
0.80769,0.40154,9.904287,0.00634,5,0.0,
0.80769,0.40462,11.352564,0.002114,5,0.0,
0.80769,0.40769,12.953714,0.001975,5,0.0,
0.80769,0.41077,14.740579,0.001747,5,0.0,
0.80769,0.41385,16.708258,0.005765,5,0.0,
0.80769,0.41692,18.895674,0.004619,5,0.0,
0.80769,0.42,21.292929,0.00368,5,0.0,
0.84615,0.3,1.17471,0.087658,5,0.0,
0.84615,0.30308,1.070947,0.065861,5,0.0,
0.84615,0.30615,1.070119,0.043045,5,0.0,
0.84615,0.30923,1.009876,0.03976,5,0.0,
0.84615,0.31231,0.883419,0.029708,5,0.0,
0.84615,0.31538,0.825502,0.0321,5,0.0,
0.84615,0.31846,0.774141,0.085025,5,0.0,
0.84615,0.32154,0.645428,0.057371,5,0.0,
0.84615,0.32462,0.587689,0.046337,5,0.0,
0.84615,0.32769,0.443084,0.062556,5,0.0,
0.84615,0.33077,0.319434,0.025387,5,0.0,
0.84615,0.33385,0.230577,0.013111,5,0.0,
0.84615,0.33692,0.264328,0.037364,5,0.0,
0.84615,0.34,0.353843,0.011912,5,0.0,
0.84615,0.34308,0.414143,0.025381,5,0.0,
0.84615,0.34615,0.573213,0.019517,5,0.0,
0.84615,0.34923,0.664788,0.187774,5,0.0,
0.84615,0.35231,0.427355,0.01891,5,0.0,
0.84615,0.35538,0.543429,0.005802,5,0.0,
0.84615,0.35846,0.705959,0.012606,5,0.0,
0.84615,0.36154,0.918546,0.009065,5,0.0,
0.84615,0.36462,1.176369,0.010693,5,0.0,
0.84615,0.36769,1.500091,0.009296,5,0.0,
0.84615,0.37077,1.87102,0.016024,5,0.0,
0.84615,0.37385,2.296597,0.012586,5,0.0,
0.84615,0.37692,2.797757,0.007098,5,0.0,
0.84615,0.38,3.369327,0.008591,5,0.0,
0.84615,0.38308,4.028367,0.007558,5,0.0,
0.84615,0.38615,4.781439,0.006863,5,0.0,
0.84615,0.38923,5.638721,0.005195,5,0.0,
0.84615,0.39231,6.605824,0.002356,5,0.0,
0.84615,0.39538,7.688687,0.006012,5,0.0,
0.84615,0.39846,8.901651,0.008575,5,0.0,
0.84615,0.40154,10.264091,0.004459,5,0.0,
0.84615,0.40462,11.783848,0.007853,5,0.0,
0.84615,0.40769,13.464632,0.001617,5,0.0,
0.84615,0.41077,15.330053,0.004052,5,0.0,
0.84615,0.41385,17.391133,0.004418,5,0.0,
0.84615,0.41692,19.679357,0.006168,5,0.0,
0.84615,0.42,22.197761,0.007217,5,0.0,
0.88462,0.3,1.176889,0.04898,5,0.0,
0.88462,0.30308,1.097046,0.051898,5,0.0,
0.88462,0.30615,1.07391,0.040382,5,0.0,
0.88462,0.30923,1.020913,0.080822,5,0.0,
0.88462,0.31231,0.963063,0.042724,5,0.0,
0.88462,0.31538,0.858033,0.041889,5,0.0,
0.88462,0.31846,0.764492,0.035381,5,0.0,
0.88462,0.32154,0.683298,0.051905,5,0.0,
0.88462,0.32462,0.587457,0.044756,5,0.0,
0.88462,0.32769,0.489839,0.037802,5,0.0,
0.88462,0.33077,0.375617,0.030967,5,0.0,
0.88462,0.33385,0.241704,0.021918,5,0.0,
0.88462,0.33692,0.193625,0.019766,5,0.0,
0.88462,0.34,0.293776,0.019488,5,0.0,
0.88462,0.34308,0.36294,0.019173,5,0.0,
0.88462,0.34615,0.498794,0.022958,5,0.0,
0.88462,0.34923,0.508658,0.193763,5,0.0,
0.88462,0.35231,0.33253,0.020548,5,0.0,
0.88462,0.35538,0.468971,0.013922,5,0.0,
0.88462,0.35846,0.66401,0.010521,5,0.0,
0.88462,0.36154,0.88378,0.010844,5,0.0,
0.88462,0.36462,1.163944,0.007206,5,0.0,
0.88462,0.36769,1.494757,0.007191,5,0.0,
0.88462,0.37077,1.883989,0.013085,5,0.0,
0.88462,0.37385,2.330846,0.007506,5,0.0,
0.88462,0.37692,2.850443,0.003475,5,0.0,
0.88462,0.38,3.437811,0.007477,5,0.0,
0.88462,0.38308,4.116963,0.004764,5,0.0,
0.88462,0.38615,4.89685,0.004849,5,0.0,
0.88462,0.38923,5.786756,0.005808,5,0.0,
0.88462,0.39231,6.793216,0.00523,5,0.0,
0.88462,0.39538,7.931464,0.004983,5,0.0,
0.88462,0.39846,9.199263,0.006275,5,0.0,
0.88462,0.40154,10.620505,0.006008,5,0.0,
0.88462,0.40462,12.201542,0.006083,5,0.0,
0.88462,0.40769,13.961865,0.003735,5,0.0,
0.88462,0.41077,15.913347,0.00306,5,0.0,
0.88462,0.41385,18.081134,0.0056,5,0.0,
0.88462,0.41692,20.460135,0.002725,5,0.0,
0.88462,0.42,23.092928,0.006992,5,0.0,
0.92308,0.3,1.082672,0.047869,5,0.0,
0.92308,0.30308,1.091565,0.067736,5,0.0,
0.92308,0.30615,1.037801,0.036399,5,0.0,
0.92308,0.30923,1.028946,0.033393,5,0.0,
0.92308,0.31231,0.929035,0.049516,5,0.0,
0.92308,0.31538,0.909001,0.060709,5,0.0,
0.92308,0.31846,0.803396,0.020276,5,0.0,
0.92308,0.32154,0.707312,0.042516,5,0.0,
0.92308,0.32462,0.612472,0.031977,5,0.0,
0.92308,0.32769,0.508872,0.021263,5,0.0,
0.92308,0.33077,0.412099,0.034679,5,0.0,
0.92308,0.33385,0.281995,0.02215,5,0.0,
0.92308,0.33692,0.132869,0.017175,5,0.0,
0.92308,0.34,0.189145,0.01864,5,0.0,
0.92308,0.34308,0.27678,0.027577,5,0.0,
0.92308,0.34615,0.445468,0.021321,5,0.0,
0.92308,0.34923,0.4456,0.13303,5,0.0,
0.92308,0.35231,0.283802,0.010875,5,0.0,
0.92308,0.35538,0.409278,0.008467,5,0.0,
0.92308,0.35846,0.602706,0.008391,5,0.0,
0.92308,0.36154,0.855065,0.013176,5,0.0,
0.92308,0.36462,1.149273,0.012719,5,0.0,
0.92308,0.36769,1.49207,0.005985,5,0.0,
0.92308,0.37077,1.88882,0.007291,5,0.0,
0.92308,0.37385,2.36309,0.004348,5,0.0,
0.92308,0.37692,2.898364,0.01053,5,0.0,
0.92308,0.38,3.524681,0.008735,5,0.0,
0.92308,0.38308,4.22514,0.009628,5,0.0,
0.92308,0.38615,5.021057,0.004946,5,0.0,
0.92308,0.38923,5.929066,0.007012,5,0.0,
0.92308,0.39231,6.980962,0.004655,5,0.0,
0.92308,0.39538,8.168328,0.00505,5,0.0,
0.92308,0.39846,9.494659,0.006963,5,0.0,
0.92308,0.40154,10.977804,0.007989,5,0.0,
0.92308,0.40462,12.62358,0.005774,5,0.0,
0.92308,0.40769,14.466532,0.007267,5,0.0,
0.92308,0.41077,16.501322,0.004611,5,0.0,
0.92308,0.41385,18.760897,0.00638,5,0.0,
0.92308,0.41692,21.242405,0.004154,5,0.0,
0.92308,0.42,23.992577,0.006293,5,0.0,
0.96154,0.3,1.085239,0.032325,5,0.0,
0.96154,0.30308,1.037306,0.068144,5,0.0,
0.96154,0.30615,1.056379,0.044012,5,0.0,
0.96154,0.30923,1.003647,0.032315,5,0.0,
0.96154,0.31231,0.960059,0.065772,5,0.0,
0.96154,0.31538,0.923689,0.044077,5,0.0,
0.96154,0.31846,0.838097,0.023952,5,0.0,
0.96154,0.32154,0.739921,0.013606,5,0.0,
0.96154,0.32462,0.643422,0.017532,5,0.0,
0.96154,0.32769,0.538873,0.043022,5,0.0,
0.96154,0.33077,0.476986,0.041883,5,0.0,
0.96154,0.33385,0.303413,0.059681,5,0.0,
0.96154,0.33692,0.155392,0.024522,5,0.0,
0.96154,0.34,0.11156,0.037607,5,0.0,
0.96154,0.34308,0.201683,0.017557,5,0.0,
0.96154,0.34615,0.395593,0.021851,5,0.0,
0.96154,0.34923,0.444625,0.037965,5,0.0,
0.96154,0.35231,0.375734,0.004527,5,0.0,
0.96154,0.35538,0.368706,0.015543,5,0.0,
0.96154,0.35846,0.561457,0.019838,5,0.0,
0.96154,0.36154,0.814615,0.00868,5,0.0,
0.96154,0.36462,1.121822,0.016836,5,0.0,
0.96154,0.36769,1.487198,0.009015,5,0.0,
0.96154,0.37077,1.903429,0.009517,5,0.0,
0.96154,0.37385,2.398374,0.011096,5,0.0,
0.96154,0.37692,2.961075,0.007366,5,0.0,
0.96154,0.38,3.604755,0.003208,5,0.0,
0.96154,0.38308,4.328803,0.007389,5,0.0,
0.96154,0.38615,5.167947,0.00639,5,0.0,
0.96154,0.38923,6.096142,0.008024,5,0.0,
0.96154,0.39231,7.168432,0.004926,5,0.0,
0.96154,0.39538,8.401413,0.005034,5,0.0,
0.96154,0.39846,9.787125,0.006184,5,0.0,
0.96154,0.40154,11.329468,0.005515,5,0.0,
0.96154,0.40462,13.053964,0.004883,5,0.0,
0.96154,0.40769,14.964345,0.006758,5,0.0,
0.96154,0.41077,17.085941,0.008047,5,0.0,
0.96154,0.41385,19.436459,0.004632,5,0.0,
0.96154,0.41692,22.029557,0.006473,5,0.0,
0.96154,0.42,24.89191,0.002208,5,0.0,
1.0,0.3,1.040197,0.086285,5,0.0,
1.0,0.30308,1.000846,0.032523,5,0.0,
1.0,0.30615,1.02445,0.030238,5,0.0,
1.0,0.30923,1.014733,0.026447,5,0.0,
1.0,0.31231,0.966982,0.016864,5,0.0,
1.0,0.31538,0.925558,0.058641,5,0.0,
1.0,0.31846,0.857494,0.015646,5,0.0,
1.0,0.32154,0.763644,0.024898,5,0.0,
1.0,0.32462,0.683583,0.017904,5,0.0,
1.0,0.32769,0.611259,0.032326,5,0.0,
1.0,0.33077,0.489006,0.019214,5,0.0,
1.0,0.33385,0.355026,0.022596,5,0.0,
1.0,0.33692,0.193982,0.023152,5,0.0,
1.0,0.34,0.051824,0.016079,5,0.0,
1.0,0.34308,0.153338,0.017423,5,0.0,
1.0,0.34615,0.310788,0.077978,5,0.0,
1.0,0.34923,0.565172,0.020421,5,0.0,
1.0,0.35231,0.467526,0.018254,5,0.0,
1.0,0.35538,0.321118,0.004347,5,0.0,
1.0,0.35846,0.51425,0.002111,5,0.0,
1.0,0.36154,0.778099,0.017516,5,0.0,
1.0,0.36462,1.094278,0.005449,5,0.0,
1.0,0.36769,1.474098,0.009202,5,0.0,
1.0,0.37077,1.921478,0.009949,5,0.0,
1.0,0.37385,2.424712,0.005148,5,0.0,
1.0,0.37692,3.006967,0.005707,5,0.0,
1.0,0.38,3.677305,0.00714,5,0.0,
1.0,0.38308,4.445747,0.010277,5,0.0,
1.0,0.38615,5.306457,0.011664,5,0.0,
1.0,0.38923,6.280567,0.006279,5,0.0,
1.0,0.39231,7.370561,0.002602,5,0.0,
1.0,0.39538,8.64655,0.003997,5,0.0,
1.0,0.39846,10.081875,0.003682,5,0.0,
1.0,0.40154,11.689144,0.007906,5,0.0,
1.0,0.40462,13.477291,0.005038,5,0.0,
1.0,0.40769,15.472085,0.007674,5,0.0,
1.0,0.41077,17.671555,0.002967,5,0.0,
1.0,0.41385,20.117968,0.003479,5,0.0,
1.0,0.41692,22.818112,0.003827,5,0.0,
1.0,0.42,25.792304,0.00369,5,0.0,
1.03846,0.3,0.928829,0.056164,5,0.0,
1.03846,0.30308,1.009253,0.047841,5,0.0,
1.03846,0.30615,0.986616,0.061259,5,0.0,
1.03846,0.30923,1.025818,0.032169,5,0.0,
1.03846,0.31231,0.999682,0.03619,5,0.0,
1.03846,0.31538,0.961892,0.0238,5,0.0,
1.03846,0.31846,0.890879,0.02046,5,0.0,
1.03846,0.32154,0.812114,0.02717,5,0.0,
1.03846,0.32462,0.731885,0.010757,5,0.0,
1.03846,0.32769,0.646763,0.065215,5,0.0,
1.03846,0.33077,0.499347,0.038435,5,0.0,
1.03846,0.33385,0.3854,0.03514,5,0.0,
1.03846,0.33692,0.266804,0.029353,5,0.0,
1.03846,0.34,0.093441,0.03272,5,0.0,
1.03846,0.34308,0.118192,0.027995,5,0.0,
1.03846,0.34615,0.321216,0.142898,5,0.0,
1.03846,0.34923,0.670773,0.009622,5,0.0,
1.03846,0.35231,0.556225,0.040277,5,0.0,
1.03846,0.35538,0.428344,0.016138,5,0.0,
1.03846,0.35846,0.4769,0.007577,5,0.0,
1.03846,0.36154,0.746994,0.010447,5,0.0,
1.03846,0.36462,1.07447,0.011218,5,0.0,
1.03846,0.36769,1.471266,0.004099,5,0.0,
1.03846,0.37077,1.927645,0.012733,5,0.0,
1.03846,0.37385,2.446008,0.005483,5,0.0,
1.03846,0.37692,3.067625,0.00599,5,0.0,
1.03846,0.38,3.755592,0.00839,5,0.0,
1.03846,0.38308,4.550273,0.009133,5,0.0,
1.03846,0.38615,5.444718,0.004572,5,0.0,
1.03846,0.38923,6.462258,0.008625,5,0.0,
1.03846,0.39231,7.596958,0.002363,5,0.0,
1.03846,0.39538,8.878541,0.005263,5,0.0,
1.03846,0.39846,10.376034,0.007766,5,0.0,
1.03846,0.40154,12.041107,0.006954,5,0.0,
1.03846,0.40462,13.904343,0.007863,5,0.0,
1.03846,0.40769,15.96449,0.003197,5,0.0,
1.03846,0.41077,18.263999,0.004872,5,0.0,
1.03846,0.41385,20.792564,0.006576,5,0.0,
1.03846,0.41692,23.602795,0.005247,5,0.0,
1.03846,0.42,26.695504,0.007416,5,0.0,
1.07692,0.3,0.874096,0.046923,5,0.0,
1.07692,0.30308,0.926499,0.077845,5,0.0,
1.07692,0.30615,0.952547,0.066677,5,0.0,
1.07692,0.30923,0.94993,0.027537,5,0.0,
1.07692,0.31231,0.980819,0.063604,5,0.0,
1.07692,0.31538,0.953291,0.031347,5,0.0,
1.07692,0.31846,0.945167,0.025578,5,0.0,
1.07692,0.32154,0.871337,0.025098,5,0.0,
1.07692,0.32462,0.778728,0.031198,5,0.0,
1.07692,0.32769,0.682416,0.012569,5,0.0,
1.07692,0.33077,0.575028,0.053514,5,0.0,
1.07692,0.33385,0.454864,0.03314,5,0.0,
1.07692,0.33692,0.323603,0.019391,5,0.0,
1.07692,0.34,0.191532,0.016375,5,0.0,
1.07692,0.34308,0.087276,0.015288,5,0.0,
1.07692,0.34615,0.654755,0.289163,5,0.0,
1.07692,0.34923,0.773359,0.034033,5,0.0,
1.07692,0.35231,0.671791,0.018285,5,0.0,
1.07692,0.35538,0.514896,0.005696,5,0.0,
1.07692,0.35846,0.432525,0.006758,5,0.0,
1.07692,0.36154,0.7102,0.014595,5,0.0,
1.07692,0.36462,1.049366,0.003533,5,0.0,
1.07692,0.36769,1.464611,0.00471,5,0.0,
1.07692,0.37077,1.92761,0.003806,5,0.0,
1.07692,0.37385,2.488897,0.009379,5,0.0,
1.07692,0.37692,3.119722,0.012539,5,0.0,
1.07692,0.38,3.845749,0.006597,5,0.0,
1.07692,0.38308,4.664289,0.005154,5,0.0,
1.07692,0.38615,5.585828,0.010216,5,0.0,
1.07692,0.38923,6.637217,0.005844,5,0.0,
1.07692,0.39231,7.809459,0.005639,5,0.0,
1.07692,0.39538,9.136476,0.00359,5,0.0,
1.07692,0.39846,10.669242,0.007483,5,0.0,
1.07692,0.40154,12.396088,0.009143,5,0.0,
1.07692,0.40462,14.321034,0.002497,5,0.0,
1.07692,0.40769,16.472553,0.007227,5,0.0,
1.07692,0.41077,18.84949,0.004465,5,0.0,
1.07692,0.41385,21.483501,0.004038,5,0.0,
1.07692,0.41692,24.380999,0.004343,5,0.0,
1.07692,0.42,27.590171,0.005879,5,0.0,
1.11538,0.3,0.85966,0.029751,5,0.0,
1.11538,0.30308,0.887712,0.056386,5,0.0,
1.11538,0.30615,0.921671,0.083302,5,0.0,
1.11538,0.30923,0.92042,0.062065,5,0.0,
1.11538,0.31231,0.935637,0.047316,5,0.0,
1.11538,0.31538,0.978071,0.023584,5,0.0,
1.11538,0.31846,0.966318,0.032453,5,0.0,
1.11538,0.32154,0.870428,0.056074,5,0.0,
1.11538,0.32462,0.808769,0.017527,5,0.0,
1.11538,0.32769,0.744334,0.020511,5,0.0,
1.11538,0.33077,0.640899,0.025105,5,0.0,
1.11538,0.33385,0.519098,0.017424,5,0.0,
1.11538,0.33692,0.403667,0.03483,5,0.0,
1.11538,0.34,0.271662,0.017532,5,0.0,
1.11538,0.34308,0.151467,0.039094,5,0.0,
1.11538,0.34615,0.62343,0.37969,5,0.0,
1.11538,0.34923,0.876866,0.021551,5,0.0,
1.11538,0.35231,0.755829,0.005406,5,0.0,
1.11538,0.35538,0.583444,0.010077,5,0.0,
1.11538,0.35846,0.391687,0.006769,5,0.0,
1.11538,0.36154,0.689668,0.009765,5,0.0,
1.11538,0.36462,1.034972,0.008324,5,0.0,
1.11538,0.36769,1.456079,0.002475,5,0.0,
1.11538,0.37077,1.950426,0.006469,5,0.0,
1.11538,0.37385,2.51652,0.00412,5,0.0,
1.11538,0.37692,3.174016,0.005766,5,0.0,
1.11538,0.38,3.919576,0.005102,5,0.0,
1.11538,0.38308,4.767003,0.001856,5,0.0,
1.11538,0.38615,5.731311,0.01105,5,0.0,
1.11538,0.38923,6.815007,0.004549,5,0.0,
1.11538,0.39231,8.034602,0.004386,5,0.0,
1.11538,0.39538,9.400692,0.005767,5,0.0,
1.11538,0.39846,10.962361,0.005601,5,0.0,
1.11538,0.40154,12.753002,0.003819,5,0.0,
1.11538,0.40462,14.747557,0.004551,5,0.0,
1.11538,0.40769,16.970426,0.006368,5,0.0,
1.11538,0.41077,19.432773,0.003406,5,0.0,
1.11538,0.41385,22.156246,0.004299,5,0.0,
1.11538,0.41692,25.169689,0.005501,5,0.0,
1.11538,0.42,28.49147,0.003704,5,0.0,
1.15385,0.3,0.767427,0.044796,5,0.0,
1.15385,0.30308,0.82469,0.061023,5,0.0,
1.15385,0.30615,0.786836,0.022195,5,0.0,
1.15385,0.30923,0.855673,0.072592,5,0.0,
1.15385,0.31231,0.885811,0.041803,5,0.0,
1.15385,0.31538,0.920645,0.0563,5,0.0,
1.15385,0.31846,0.957059,0.002827,5,0.0,
1.15385,0.32154,0.898479,0.044615,5,0.0,
1.15385,0.32462,0.871853,0.028792,5,0.0,
1.15385,0.32769,0.792003,0.02337,5,0.0,
1.15385,0.33077,0.701376,0.024871,5,0.0,
1.15385,0.33385,0.589023,0.006794,5,0.0,
1.15385,0.33692,0.477031,0.034669,5,0.0,
1.15385,0.34,0.354903,0.017592,5,0.0,
1.15385,0.34308,0.248748,0.01564,5,0.0,
1.15385,0.34615,1.01308,0.030434,5,0.0,
1.15385,0.34923,0.989979,0.014678,5,0.0,
1.15385,0.35231,0.874571,0.012104,5,0.0,
1.15385,0.35538,0.691788,0.011076,5,0.0,
1.15385,0.35846,0.455236,0.010587,5,0.0,
1.15385,0.36154,0.642864,0.004868,5,0.0,
1.15385,0.36462,1.005491,0.008774,5,0.0,
1.15385,0.36769,1.443901,0.00758,5,0.0,
1.15385,0.37077,1.955805,0.011268,5,0.0,
1.15385,0.37385,2.54618,0.009296,5,0.0,
1.15385,0.37692,3.222335,0.011165,5,0.0,
1.15385,0.38,3.997851,0.009477,5,0.0,
1.15385,0.38308,4.874532,0.010522,5,0.0,
1.15385,0.38615,5.874605,0.004843,5,0.0,
1.15385,0.38923,6.991316,0.004488,5,0.0,
1.15385,0.39231,8.258614,0.00511,5,0.0,
1.15385,0.39538,9.667824,0.004916,5,0.0,
1.15385,0.39846,11.253767,0.002966,5,0.0,
1.15385,0.40154,13.108861,0.006223,5,0.0,
1.15385,0.40462,15.180601,0.005858,5,0.0,
1.15385,0.40769,17.467795,0.004455,5,0.0,
1.15385,0.41077,20.013909,0.006413,5,0.0,
1.15385,0.41385,22.840246,0.007867,5,0.0,
1.15385,0.41692,25.950026,0.007048,5,0.0,
1.15385,0.42,29.389536,0.00348,5,0.0,
1.19231,0.3,0.756524,0.02913,5,0.0,
1.19231,0.30308,0.786956,0.019176,5,0.0,
1.19231,0.30615,0.786263,0.013503,5,0.0,
1.19231,0.30923,0.82597,0.040338,5,0.0,
1.19231,0.31231,0.884855,0.012624,5,0.0,
1.19231,0.31538,0.907526,0.054835,5,0.0,
1.19231,0.31846,0.943215,0.037548,5,0.0,
1.19231,0.32154,0.958218,0.024762,5,0.0,
1.19231,0.32462,0.948941,0.042523,5,0.0,
1.19231,0.32769,0.873759,0.024151,5,0.0,
1.19231,0.33077,0.785403,0.028388,5,0.0,
1.19231,0.33385,0.661177,0.014781,5,0.0,
1.19231,0.33692,0.548925,0.03544,5,0.0,
1.19231,0.34,0.431593,0.016716,5,0.0,
1.19231,0.34308,0.340396,0.043036,5,0.0,
1.19231,0.34615,1.164298,0.018679,5,0.0,
1.19231,0.34923,1.083564,0.015545,5,0.0,
1.19231,0.35231,0.961184,0.007268,5,0.0,
1.19231,0.35538,0.782412,0.014451,5,0.0,
1.19231,0.35846,0.545898,0.011608,5,0.0,
1.19231,0.36154,0.610785,0.008858,5,0.0,
1.19231,0.36462,0.989501,0.010307,5,0.0,
1.19231,0.36769,1.441632,0.003762,5,0.0,
1.19231,0.37077,1.963787,0.005748,5,0.0,
1.19231,0.37385,2.574531,0.009511,5,0.0,
1.19231,0.37692,3.268223,0.005028,5,0.0,
1.19231,0.38,4.077244,0.003898,5,0.0,
1.19231,0.38308,4.979869,0.005854,5,0.0,
1.19231,0.38615,6.009847,0.007605,5,0.0,
1.19231,0.38923,7.170261,0.011322,5,0.0,
1.19231,0.39231,8.47719,0.007508,5,0.0,
1.19231,0.39538,9.93975,0.00606,5,0.0,
1.19231,0.39846,11.570669,0.006396,5,0.0,
1.19231,0.40154,13.464217,0.004086,5,0.0,
1.19231,0.40462,15.599615,0.005528,5,0.0,
1.19231,0.40769,17.972981,0.004286,5,0.0,
1.19231,0.41077,20.601707,0.003556,5,0.0,
1.19231,0.41385,23.516907,0.00674,5,0.0,
1.19231,0.41692,26.738778,0.006749,5,0.0,
1.19231,0.42,30.286878,0.002838,5,0.0,
1.23077,0.3,0.755164,0.043598,5,0.0,
1.23077,0.30308,0.768363,0.048106,5,0.0,
1.23077,0.30615,0.795726,0.036726,5,0.0,
1.23077,0.30923,0.822396,0.038217,5,0.0,
1.23077,0.31231,0.8506,0.023141,5,0.0,
1.23077,0.31538,0.89805,0.018427,5,0.0,
1.23077,0.31846,0.971209,0.036006,5,0.0,
1.23077,0.32154,1.006783,0.026411,5,0.0,
1.23077,0.32462,1.023623,0.014235,5,0.0,
1.23077,0.32769,0.927253,0.045022,5,0.0,
1.23077,0.33077,0.836148,0.032892,5,0.0,
1.23077,0.33385,0.736047,0.043082,5,0.0,
1.23077,0.33692,0.62608,0.026477,5,0.0,
1.23077,0.34,0.510404,0.02666,5,0.0,
1.23077,0.34308,0.58628,0.210651,5,0.0,
1.23077,0.34615,1.248231,0.032674,5,0.0,
1.23077,0.34923,1.209038,0.00396,5,0.0,
1.23077,0.35231,1.067454,0.006835,5,0.0,
1.23077,0.35538,0.873347,0.008923,5,0.0,
1.23077,0.35846,0.626738,0.010976,5,0.0,
1.23077,0.36154,0.576647,0.008618,5,0.0,
1.23077,0.36462,0.969503,0.004062,5,0.0,
1.23077,0.36769,1.44139,0.005619,5,0.0,
1.23077,0.37077,1.982327,0.00314,5,0.0,
1.23077,0.37385,2.609148,0.007895,5,0.0,
1.23077,0.37692,3.326834,0.004669,5,0.0,
1.23077,0.38,4.152643,0.004563,5,0.0,
1.23077,0.38308,5.090784,0.008914,5,0.0,
1.23077,0.38615,6.155914,0.004056,5,0.0,
1.23077,0.38923,7.353049,0.005961,5,0.0,
1.23077,0.39231,8.698586,0.006895,5,0.0,
1.23077,0.39538,10.203594,0.002864,5,0.0,
1.23077,0.39846,11.894066,0.003576,5,0.0,
1.23077,0.40154,13.820675,0.004796,5,0.0,
1.23077,0.40462,16.020766,0.006129,5,0.0,
1.23077,0.40769,18.471073,0.003688,5,0.0,
1.23077,0.41077,21.190585,0.003106,5,0.0,
1.23077,0.41385,24.199324,0.011903,5,0.0,
1.23077,0.41692,27.527409,0.001868,5,0.0,
1.23077,0.42,31.189104,0.006855,5,0.0,
1.26923,0.3,0.771338,0.012979,5,0.0,
1.26923,0.30308,0.784244,0.007941,5,0.0,
1.26923,0.30615,0.804507,0.042459,5,0.0,
1.26923,0.30923,0.831549,0.042188,5,0.0,
1.26923,0.31231,0.851806,0.061227,5,0.0,
1.26923,0.31538,0.91665,0.021375,5,0.0,
1.26923,0.31846,0.97909,0.07589,5,0.0,
1.26923,0.32154,0.995892,0.071591,5,0.0,
1.26923,0.32462,1.050626,0.024651,5,0.0,
1.26923,0.32769,1.008736,0.026463,5,0.0,
1.26923,0.33077,0.915958,0.032658,5,0.0,
1.26923,0.33385,0.803425,0.017332,5,0.0,
1.26923,0.33692,0.688785,0.01603,5,0.0,
1.26923,0.34,0.587013,0.023182,5,0.0,
1.26923,0.34308,1.048638,0.378486,5,0.0,
1.26923,0.34615,1.385335,0.023983,5,0.0,
1.26923,0.34923,1.290596,0.014807,5,0.0,
1.26923,0.35231,1.156798,0.010258,5,0.0,
1.26923,0.35538,0.965268,0.013232,5,0.0,
1.26923,0.35846,0.708608,0.015115,5,0.0,
1.26923,0.36154,0.544162,0.013256,5,0.0,
1.26923,0.36462,0.949247,0.005661,5,0.0,
1.26923,0.36769,1.419602,0.010314,5,0.0,
1.26923,0.37077,1.989169,0.010916,5,0.0,
1.26923,0.37385,2.639919,0.010552,5,0.0,
1.26923,0.37692,3.37549,0.00784,5,0.0,
1.26923,0.38,4.225989,0.007491,5,0.0,
1.26923,0.38308,5.198456,0.008272,5,0.0,
1.26923,0.38615,6.292832,0.004911,5,0.0,
1.26923,0.38923,7.531898,0.008622,5,0.0,
1.26923,0.39231,8.919655,0.005897,5,0.0,
1.26923,0.39538,10.47636,0.007485,5,0.0,
1.26923,0.39846,12.211,0.007575,5,0.0,
1.26923,0.40154,14.180486,0.00611,5,0.0,
1.26923,0.40462,16.450369,0.006426,5,0.0,
1.26923,0.40769,18.976905,0.002859,5,0.0,
1.26923,0.41077,21.778478,0.002285,5,0.0,
1.26923,0.41385,24.881092,0.005471,5,0.0,
1.26923,0.41692,28.307433,0.004546,5,0.0,
1.26923,0.42,32.08243,0.001179,5,0.0,
1.30769,0.3,0.766476,0.034598,5,0.0,
1.30769,0.30308,0.764251,0.031937,5,0.0,
1.30769,0.30615,0.791699,0.029449,5,0.0,
1.30769,0.30923,0.82013,0.057626,5,0.0,
1.30769,0.31231,0.849783,0.021556,5,0.0,
1.30769,0.31538,0.905932,0.021645,5,0.0,
1.30769,0.31846,0.960774,0.033514,5,0.0,
1.30769,0.32154,1.073205,0.050157,5,0.0,
1.30769,0.32462,1.127489,0.018517,5,0.0,
1.30769,0.32769,1.079203,0.019996,5,0.0,
1.30769,0.33077,0.989895,0.036106,5,0.0,
1.30769,0.33385,0.887414,0.028905,5,0.0,
1.30769,0.33692,0.769898,0.039532,5,0.0,
1.30769,0.34,0.703374,0.014486,5,0.0,
1.30769,0.34308,1.068495,0.434084,5,0.0,
1.30769,0.34615,1.47898,0.016498,5,0.0,
1.30769,0.34923,1.398208,0.007215,5,0.0,
1.30769,0.35231,1.244718,0.020331,5,0.0,
1.30769,0.35538,1.057239,0.011817,5,0.0,
1.30769,0.35846,0.795463,0.005155,5,0.0,
1.30769,0.36154,0.500554,0.004738,5,0.0,
1.30769,0.36462,0.920773,0.009844,5,0.0,
1.30769,0.36769,1.416661,0.007491,5,0.0,
1.30769,0.37077,1.998571,0.009225,5,0.0,
1.30769,0.37385,2.663588,0.002053,5,0.0,
1.30769,0.37692,3.430224,0.012571,5,0.0,
1.30769,0.38,4.307295,0.006621,5,0.0,
1.30769,0.38308,5.30849,0.006376,5,0.0,
1.30769,0.38615,6.437559,0.003722,5,0.0,
1.30769,0.38923,7.711742,0.003972,5,0.0,
1.30769,0.39231,9.141186,0.007309,5,0.0,
1.30769,0.39538,10.743944,0.007986,5,0.0,
1.30769,0.39846,12.533403,0.008124,5,0.0,
1.30769,0.40154,14.531687,0.003686,5,0.0,
1.30769,0.40462,16.875839,0.005635,5,0.0,
1.30769,0.40769,19.47553,0.003636,5,0.0,
1.30769,0.41077,22.365295,0.003276,5,0.0,
1.30769,0.41385,25.561149,0.003493,5,0.0,
1.30769,0.41692,29.090537,0.006359,5,0.0,
1.30769,0.42,32.986334,0.008086,5,0.0,
1.34615,0.3,0.789418,0.018884,5,0.0,
1.34615,0.30308,0.771853,0.012352,5,0.0,
1.34615,0.30615,0.813103,0.035006,5,0.0,
1.34615,0.30923,0.803012,0.026437,5,0.0,
1.34615,0.31231,0.855727,0.037801,5,0.0,
1.34615,0.31538,0.896686,0.039026,5,0.0,
1.34615,0.31846,0.955596,0.02047,5,0.0,
1.34615,0.32154,0.997882,0.063424,5,0.0,
1.34615,0.32462,1.116772,0.058538,5,0.0,
1.34615,0.32769,1.117967,0.019643,5,0.0,
1.34615,0.33077,1.064163,0.038229,5,0.0,
1.34615,0.33385,0.956562,0.011831,5,0.0,
1.34615,0.33692,0.852987,0.023873,5,0.0,
1.34615,0.34,0.79367,0.029695,5,0.0,
1.34615,0.34308,1.504086,0.26165,5,0.0,
1.34615,0.34615,1.59716,0.015727,5,0.0,
1.34615,0.34923,1.513698,0.016182,5,0.0,
1.34615,0.35231,1.360219,0.011383,5,0.0,
1.34615,0.35538,1.146339,0.01164,5,0.0,
1.34615,0.35846,0.882657,0.006791,5,0.0,
1.34615,0.36154,0.539416,0.013106,5,0.0,
1.34615,0.36462,0.907748,0.013542,5,0.0,
1.34615,0.36769,1.413509,0.005155,5,0.0,
1.34615,0.37077,2.001977,0.004549,5,0.0,
1.34615,0.37385,2.697163,0.004465,5,0.0,
1.34615,0.37692,3.482165,0.010541,5,0.0,
1.34615,0.38,4.388041,0.002091,5,0.0,
1.34615,0.38308,5.411225,0.004665,5,0.0,
1.34615,0.38615,6.574019,0.005369,5,0.0,
1.34615,0.38923,7.892001,0.007595,5,0.0,
1.34615,0.39231,9.360375,0.003298,5,0.0,
1.34615,0.39538,11.013223,0.004714,5,0.0,
1.34615,0.39846,12.855193,0.004036,5,0.0,
1.34615,0.40154,14.906876,0.005092,5,0.0,
1.34615,0.40462,17.293745,0.006577,5,0.0,
1.34615,0.40769,19.974354,0.006442,5,0.0,
1.34615,0.41077,22.950175,0.004359,5,0.0,
1.34615,0.41385,26.233799,0.005328,5,0.0,
1.34615,0.41692,29.877078,0.002941,5,0.0,
1.34615,0.42,33.88766,0.003519,5,0.0,
1.38462,0.3,0.761932,0.02734,5,0.0,
1.38462,0.30308,0.794569,0.031258,5,0.0,
1.38462,0.30615,0.818388,0.024304,5,0.0,
1.38462,0.30923,0.84554,0.034175,5,0.0,
1.38462,0.31231,0.833104,0.029318,5,0.0,
1.38462,0.31538,0.904482,0.024652,5,0.0,
1.38462,0.31846,0.957165,0.023767,5,0.0,
1.38462,0.32154,0.995211,0.036572,5,0.0,
1.38462,0.32462,1.113395,0.014177,5,0.0,
1.38462,0.32769,1.197859,0.018777,5,0.0,
1.38462,0.33077,1.122348,0.027167,5,0.0,
1.38462,0.33385,1.041242,0.032489,5,0.0,
1.38462,0.33692,0.954405,0.033947,5,0.0,
1.38462,0.34,0.860166,0.012256,5,0.0,
1.38462,0.34308,1.697026,0.114714,5,0.0,
1.38462,0.34615,1.71423,0.014729,5,0.0,
1.38462,0.34923,1.622803,0.006335,5,0.0,
1.38462,0.35231,1.460006,0.005185,5,0.0,
1.38462,0.35538,1.240522,0.016116,5,0.0,
1.38462,0.35846,0.951316,0.013659,5,0.0,
1.38462,0.36154,0.598411,0.011657,5,0.0,
1.38462,0.36462,0.879661,0.008334,5,0.0,
1.38462,0.36769,1.40024,0.010127,5,0.0,
1.38462,0.37077,2.012396,0.004061,5,0.0,
1.38462,0.37385,2.712355,0.007833,5,0.0,
1.38462,0.37692,3.530754,0.009327,5,0.0,
1.38462,0.38,4.463999,0.004268,5,0.0,
1.38462,0.38308,5.519506,0.003278,5,0.0,
1.38462,0.38615,6.716778,0.007059,5,0.0,
1.38462,0.38923,8.069014,0.00386,5,0.0,
1.38462,0.39231,9.578387,0.006935,5,0.0,
1.38462,0.39538,11.279894,0.003017,5,0.0,
1.38462,0.39846,13.175205,0.005464,5,0.0,
1.38462,0.40154,15.288327,0.006771,5,0.0,
1.38462,0.40462,17.716749,0.008757,5,0.0,
1.38462,0.40769,20.478247,0.005624,5,0.0,
1.38462,0.41077,23.530916,0.003868,5,0.0,
1.38462,0.41385,26.918611,0.003906,5,0.0,
1.38462,0.41692,30.658215,0.005998,5,0.0,
1.38462,0.42,34.785319,0.004949,5,0.0,
1.42308,0.3,0.789689,0.036125,5,0.0,
1.42308,0.30308,0.809827,0.037555,5,0.0,
1.42308,0.30615,0.821669,0.021616,5,0.0,
1.42308,0.30923,0.848266,0.023992,5,0.0,
1.42308,0.31231,0.862796,0.015704,5,0.0,
1.42308,0.31538,0.924989,0.039118,5,0.0,
1.42308,0.31846,1.003687,0.032984,5,0.0,
1.42308,0.32154,1.048344,0.040104,5,0.0,
1.42308,0.32462,1.075875,0.065041,5,0.0,
1.42308,0.32769,1.25233,0.053409,5,0.0,
1.42308,0.33077,1.205408,0.042352,5,0.0,
1.42308,0.33385,1.097808,0.033326,5,0.0,
1.42308,0.33692,1.033808,0.027616,5,0.0,
1.42308,0.34,0.967742,0.036856,5,0.0,
1.42308,0.34308,1.855764,0.016544,5,0.0,
1.42308,0.34615,1.821707,0.008685,5,0.0,
1.42308,0.34923,1.716408,0.014402,5,0.0,
1.42308,0.35231,1.562888,0.013568,5,0.0,
1.42308,0.35538,1.33132,0.00868,5,0.0,
1.42308,0.35846,1.037376,0.015112,5,0.0,
1.42308,0.36154,0.677769,0.007973,5,0.0,
1.42308,0.36462,0.855791,0.007021,5,0.0,
1.42308,0.36769,1.38925,0.009486,5,0.0,
1.42308,0.37077,2.020289,0.012357,5,0.0,
1.42308,0.37385,2.746713,0.008169,5,0.0,
1.42308,0.37692,3.584389,0.009063,5,0.0,
1.42308,0.38,4.547044,0.011558,5,0.0,
1.42308,0.38308,5.628361,0.004277,5,0.0,
1.42308,0.38615,6.854541,0.006763,5,0.0,
1.42308,0.38923,8.246719,0.004676,5,0.0,
1.42308,0.39231,9.80144,0.005819,5,0.0,
1.42308,0.39538,11.543832,0.005952,5,0.0,
1.42308,0.39846,13.500458,0.005009,5,0.0,
1.42308,0.40154,15.664287,0.006192,5,0.0,
1.42308,0.40462,18.144961,0.006495,5,0.0,
1.42308,0.40769,20.978606,0.013353,5,0.0,
1.42308,0.41077,24.121744,0.004655,5,0.0,
1.42308,0.41385,27.600209,0.002184,5,0.0,
1.42308,0.41692,31.442337,0.003199,5,0.0,
1.42308,0.42,35.685294,0.007937,5,0.0,
1.46154,0.3,0.792873,0.043358,5,0.0,
1.46154,0.30308,0.837719,0.010452,5,0.0,
1.46154,0.30615,0.839316,0.014088,5,0.0,
1.46154,0.30923,0.865553,0.025512,5,0.0,
1.46154,0.31231,0.874336,0.018242,5,0.0,
1.46154,0.31538,0.910541,0.020169,5,0.0,
1.46154,0.31846,0.972924,0.045151,5,0.0,
1.46154,0.32154,1.052032,0.026948,5,0.0,
1.46154,0.32462,1.102944,0.041359,5,0.0,
1.46154,0.32769,1.289773,0.042553,5,0.0,
1.46154,0.33077,1.261117,0.024218,5,0.0,
1.46154,0.33385,1.205605,0.017446,5,0.0,
1.46154,0.33692,1.136674,0.046643,5,0.0,
1.46154,0.34,1.029989,0.053736,5,0.0,
1.46154,0.34308,1.944467,0.019006,5,0.0,
1.46154,0.34615,1.919211,0.018472,5,0.0,
1.46154,0.34923,1.819842,0.00781,5,0.0,
1.46154,0.35231,1.652643,0.013921,5,0.0,
1.46154,0.35538,1.423276,0.006531,5,0.0,
1.46154,0.35846,1.123979,0.014144,5,0.0,
1.46154,0.36154,0.752347,0.009941,5,0.0,
1.46154,0.36462,0.830862,0.005808,5,0.0,
1.46154,0.36769,1.385792,0.009287,5,0.0,
1.46154,0.37077,2.031521,0.007843,5,0.0,
1.46154,0.37385,2.781591,0.007508,5,0.0,
1.46154,0.37692,3.633238,0.007722,5,0.0,
1.46154,0.38,4.616258,0.005522,5,0.0,
1.46154,0.38308,5.733235,0.00581,5,0.0,
1.46154,0.38615,6.992878,0.006442,5,0.0,
1.46154,0.38923,8.422002,0.00646,5,0.0,
1.46154,0.39231,10.025975,0.006609,5,0.0,
1.46154,0.39538,11.816728,0.005554,5,0.0,
1.46154,0.39846,13.81474,0.004399,5,0.0,
1.46154,0.40154,16.044747,0.0067,5,0.0,
1.46154,0.40462,18.563766,0.006318,5,0.0,
1.46154,0.40769,21.478602,0.002114,5,0.0,
1.46154,0.41077,24.706303,0.006871,5,0.0,
1.46154,0.41385,28.280577,0.006088,5,0.0,
1.46154,0.41692,32.225405,0.0065,5,0.0,
1.46154,0.42,36.587611,0.003781,5,0.0,
1.5,0.3,0.863934,0.050756,5,0.0,
1.5,0.30308,0.859963,0.016873,5,0.0,
1.5,0.30615,0.882295,0.030483,5,0.0,
1.5,0.30923,0.90913,0.024706,5,0.0,
1.5,0.31231,0.911796,0.002591,5,0.0,
1.5,0.31538,0.95006,0.023853,5,0.0,
1.5,0.31846,0.997089,0.032534,5,0.0,
1.5,0.32154,1.061189,0.032351,5,0.0,
1.5,0.32462,1.077505,0.016267,5,0.0,
1.5,0.32769,1.253767,0.040127,5,0.0,
1.5,0.33077,1.319072,0.021183,5,0.0,
1.5,0.33385,1.27003,0.0175,5,0.0,
1.5,0.33692,1.226557,0.035686,5,0.0,
1.5,0.34,1.139655,0.031406,5,0.0,
1.5,0.34308,2.066171,0.015292,5,0.0,
1.5,0.34615,2.031514,0.025368,5,0.0,
1.5,0.34923,1.922164,0.008126,5,0.0,
1.5,0.35231,1.742826,0.011267,5,0.0,
1.5,0.35538,1.523355,0.015318,5,0.0,
1.5,0.35846,1.213273,0.00807,5,0.0,
1.5,0.36154,0.825635,0.015002,5,0.0,
1.5,0.36462,0.803104,0.008107,5,0.0,
1.5,0.36769,1.372644,0.009638,5,0.0,
1.5,0.37077,2.035731,0.008577,5,0.0,
1.5,0.37385,2.809964,0.003246,5,0.0,
1.5,0.37692,3.687888,0.003999,5,0.0,
1.5,0.38,4.694986,0.008377,5,0.0,
1.5,0.38308,5.842232,0.010512,5,0.0,
1.5,0.38615,7.136704,0.00368,5,0.0,
1.5,0.38923,8.59778,0.005192,5,0.0,
1.5,0.39231,10.243559,0.006344,5,0.0,
1.5,0.39538,12.080817,0.005587,5,0.0,
1.5,0.39846,14.133191,0.003093,5,0.0,
1.5,0.40154,16.422745,0.005355,5,0.0,
1.5,0.40462,18.990877,0.005387,5,0.0,
1.5,0.40769,21.973027,0.006379,5,0.0,
1.5,0.41077,25.290723,0.001461,5,0.0,
1.5,0.41385,28.956687,0.005874,5,0.0,
1.5,0.41692,33.011254,0.001814,5,0.0,
1.5,0.42,37.480427,0.005735,5,0.0,
1.53846,0.3,0.834746,0.04722,5,0.0,
1.53846,0.30308,0.891052,0.046291,5,0.0,
1.53846,0.30615,0.927537,0.028874,5,0.0,
1.53846,0.30923,0.96054,0.021639,5,0.0,
1.53846,0.31231,0.958401,0.025454,5,0.0,
1.53846,0.31538,0.968708,0.020182,5,0.0,
1.53846,0.31846,1.037661,0.04343,5,0.0,
1.53846,0.32154,1.105257,0.022933,5,0.0,
1.53846,0.32462,1.150058,0.018909,5,0.0,
1.53846,0.32769,1.239671,0.050399,5,0.0,
1.53846,0.33077,1.405614,0.036542,5,0.0,
1.53846,0.33385,1.356098,0.028581,5,0.0,
1.53846,0.33692,1.299556,0.064606,5,0.0,
1.53846,0.34,1.818285,0.382635,5,0.0,
1.53846,0.34308,2.188826,0.014552,5,0.0,
1.53846,0.34615,2.147894,0.015552,5,0.0,
1.53846,0.34923,2.02543,0.006858,5,0.0,
1.53846,0.35231,1.85291,0.007174,5,0.0,
1.53846,0.35538,1.610187,0.002263,5,0.0,
1.53846,0.35846,1.293498,0.010497,5,0.0,
1.53846,0.36154,0.902851,0.007376,5,0.0,
1.53846,0.36462,0.782844,0.01045,5,0.0,
1.53846,0.36769,1.363674,0.009212,5,0.0,
1.53846,0.37077,2.047981,0.010056,5,0.0,
1.53846,0.37385,2.832402,0.007242,5,0.0,
1.53846,0.37692,3.734853,0.007176,5,0.0,
1.53846,0.38,4.770195,0.005036,5,0.0,
1.53846,0.38308,5.947728,0.005134,5,0.0,
1.53846,0.38615,7.279678,0.00351,5,0.0,
1.53846,0.38923,8.778453,0.008827,5,0.0,
1.53846,0.39231,10.468349,0.009094,5,0.0,
1.53846,0.39538,12.349205,0.004607,5,0.0,
1.53846,0.39846,14.456686,0.00596,5,0.0,
1.53846,0.40154,16.800604,0.003069,5,0.0,
1.53846,0.40462,19.413459,0.007879,5,0.0,
1.53846,0.40769,22.479125,0.005009,5,0.0,
1.53846,0.41077,25.877888,0.006659,5,0.0,
1.53846,0.41385,29.637482,0.005525,5,0.0,
1.53846,0.41692,33.79423,0.008971,5,0.0,
1.53846,0.42,38.38118,0.00872,5,0.0,
1.57692,0.3,0.870947,0.06895,5,0.0,
1.57692,0.30308,0.940902,0.037115,5,0.0,
1.57692,0.30615,0.991447,0.043031,5,0.0,
1.57692,0.30923,1.000968,0.042963,5,0.0,
1.57692,0.31231,1.009495,0.022701,5,0.0,
1.57692,0.31538,1.029984,0.017156,5,0.0,
1.57692,0.31846,1.080248,0.061433,5,0.0,
1.57692,0.32154,1.155577,0.021678,5,0.0,
1.57692,0.32462,1.199717,0.014171,5,0.0,
1.57692,0.32769,1.251711,0.045526,5,0.0,
1.57692,0.33077,1.45921,0.008212,5,0.0,
1.57692,0.33385,1.459386,0.040784,5,0.0,
1.57692,0.33692,1.389722,0.014511,5,0.0,
1.57692,0.34,2.057703,0.394955,5,0.0,
1.57692,0.34308,2.309826,0.018838,5,0.0,
1.57692,0.34615,2.251654,0.012045,5,0.0,
1.57692,0.34923,2.135617,0.022613,5,0.0,
1.57692,0.35231,1.959468,0.013539,5,0.0,
1.57692,0.35538,1.699117,0.010578,5,0.0,
1.57692,0.35846,1.378,0.009636,5,0.0,
1.57692,0.36154,0.973511,0.004441,5,0.0,
1.57692,0.36462,0.755206,0.012874,5,0.0,
1.57692,0.36769,1.359098,0.005962,5,0.0,
1.57692,0.37077,2.051492,0.004454,5,0.0,
1.57692,0.37385,2.863624,0.00725,5,0.0,
1.57692,0.37692,3.794896,0.008765,5,0.0,
1.57692,0.38,4.85007,0.007436,5,0.0,
1.57692,0.38308,6.052975,0.004799,5,0.0,
1.57692,0.38615,7.421033,0.009688,5,0.0,
1.57692,0.38923,8.956874,0.008202,5,0.0,
1.57692,0.39231,10.683127,0.00215,5,0.0,
1.57692,0.39538,12.618681,0.006194,5,0.0,
1.57692,0.39846,14.780066,0.007414,5,0.0,
1.57692,0.40154,17.184568,0.00211,5,0.0,
1.57692,0.40462,19.859368,0.003329,5,0.0,
1.57692,0.40769,22.981831,0.004371,5,0.0,
1.57692,0.41077,26.460375,0.005107,5,0.0,
1.57692,0.41385,30.322318,0.004093,5,0.0,
1.57692,0.41692,34.576276,0.009255,5,0.0,
1.57692,0.42,39.281947,0.006453,5,0.0,
1.61538,0.3,0.955311,0.069823,5,0.0,
1.61538,0.30308,0.935234,0.040548,5,0.0,
1.61538,0.30615,1.023525,0.022915,5,0.0,
1.61538,0.30923,1.055267,0.026551,5,0.0,
1.61538,0.31231,1.063796,0.024626,5,0.0,
1.61538,0.31538,1.070378,0.037168,5,0.0,
1.61538,0.31846,1.10468,0.047839,5,0.0,
1.61538,0.32154,1.189046,0.037791,5,0.0,
1.61538,0.32462,1.244652,0.031153,5,0.0,
1.61538,0.32769,1.293614,0.040002,5,0.0,
1.61538,0.33077,1.442962,0.039315,5,0.0,
1.61538,0.33385,1.528451,0.012174,5,0.0,
1.61538,0.33692,1.470738,0.027125,5,0.0,
1.61538,0.34,2.102709,0.408469,5,0.0,
1.61538,0.34308,2.402189,0.014501,5,0.0,
1.61538,0.34615,2.360588,0.011206,5,0.0,
1.61538,0.34923,2.230347,0.008386,5,0.0,
1.61538,0.35231,2.051505,0.009033,5,0.0,
1.61538,0.35538,1.791932,0.015373,5,0.0,
1.61538,0.35846,1.469292,0.007331,5,0.0,
1.61538,0.36154,1.045239,0.006986,5,0.0,
1.61538,0.36462,0.734984,0.013737,5,0.0,
1.61538,0.36769,1.342674,0.011047,5,0.0,
1.61538,0.37077,2.064184,0.011906,5,0.0,
1.61538,0.37385,2.894631,0.00299,5,0.0,
1.61538,0.37692,3.839719,0.006436,5,0.0,
1.61538,0.38,4.927265,0.010499,5,0.0,
1.61538,0.38308,6.164519,0.006589,5,0.0,
1.61538,0.38615,7.55902,0.006468,5,0.0,
1.61538,0.38923,9.133289,0.003751,5,0.0,
1.61538,0.39231,10.903413,0.005948,5,0.0,
1.61538,0.39538,12.887346,0.006129,5,0.0,
1.61538,0.39846,15.098958,0.005722,5,0.0,
1.61538,0.40154,17.558224,0.003427,5,0.0,
1.61538,0.40462,20.300331,0.00395,5,0.0,
1.61538,0.40769,23.481763,0.001922,5,0.0,
1.61538,0.41077,27.04881,0.005278,5,0.0,
1.61538,0.41385,31.001938,0.006409,5,0.0,
1.61538,0.41692,35.362546,0.005195,5,0.0,
1.61538,0.42,40.182398,0.003857,5,0.0,
1.65385,0.3,0.960741,0.05774,5,0.0,
1.65385,0.30308,1.047372,0.03572,5,0.0,
1.65385,0.30615,0.995063,0.014595,5,0.0,
1.65385,0.30923,1.096807,0.01288,5,0.0,
1.65385,0.31231,1.105773,0.03215,5,0.0,
1.65385,0.31538,1.114226,0.027274,5,0.0,
1.65385,0.31846,1.141525,0.022259,5,0.0,
1.65385,0.32154,1.226456,0.047883,5,0.0,
1.65385,0.32462,1.306662,0.02216,5,0.0,
1.65385,0.32769,1.36301,0.03481,5,0.0,
1.65385,0.33077,1.440881,0.028141,5,0.0,
1.65385,0.33385,1.640888,0.036519,5,0.0,
1.65385,0.33692,1.582186,0.022479,5,0.0,
1.65385,0.34,2.418401,0.062996,5,0.0,
1.65385,0.34308,2.516056,0.016833,5,0.0,
1.65385,0.34615,2.467737,0.01863,5,0.0,
1.65385,0.34923,2.340926,0.016462,5,0.0,
1.65385,0.35231,2.146153,0.019774,5,0.0,
1.65385,0.35538,1.88626,0.018016,5,0.0,
1.65385,0.35846,1.549386,0.009329,5,0.0,
1.65385,0.36154,1.118041,0.006552,5,0.0,
1.65385,0.36462,0.707871,0.007666,5,0.0,
1.65385,0.36769,1.331231,0.008447,5,0.0,
1.65385,0.37077,2.070396,0.005304,5,0.0,
1.65385,0.37385,2.913498,0.008348,5,0.0,
1.65385,0.37692,3.889651,0.004099,5,0.0,
1.65385,0.38,5.003875,0.010385,5,0.0,
1.65385,0.38308,6.272748,0.00551,5,0.0,
1.65385,0.38615,7.699314,0.007291,5,0.0,
1.65385,0.38923,9.313243,0.00807,5,0.0,
1.65385,0.39231,11.121967,0.004486,5,0.0,
1.65385,0.39538,13.153165,0.004877,5,0.0,
1.65385,0.39846,15.416652,0.004102,5,0.0,
1.65385,0.40154,17.941439,0.005394,5,0.0,
1.65385,0.40462,20.740409,0.004989,5,0.0,
1.65385,0.40769,23.981259,0.005949,5,0.0,
1.65385,0.41077,27.638131,0.003572,5,0.0,
1.65385,0.41385,31.677116,0.006106,5,0.0,
1.65385,0.41692,36.150223,0.008068,5,0.0,
1.65385,0.42,41.079205,0.007452,5,0.0,
1.69231,0.3,0.98742,0.081129,5,0.0,
1.69231,0.30308,1.07643,0.054464,5,0.0,
1.69231,0.30615,1.126144,0.045338,5,0.0,
1.69231,0.30923,1.15234,0.043736,5,0.0,
1.69231,0.31231,1.163121,0.019375,5,0.0,
1.69231,0.31538,1.173682,0.018554,5,0.0,
1.69231,0.31846,1.225944,0.013852,5,0.0,
1.69231,0.32154,1.288491,0.05817,5,0.0,
1.69231,0.32462,1.340851,0.051249,5,0.0,
1.69231,0.32769,1.39578,0.018786,5,0.0,
1.69231,0.33077,1.468904,0.024197,5,0.0,
1.69231,0.33385,1.688249,0.035055,5,0.0,
1.69231,0.33692,1.666772,0.044913,5,0.0,
1.69231,0.34,2.38446,0.391455,5,0.0,
1.69231,0.34308,2.633212,0.046805,5,0.0,
1.69231,0.34615,2.58714,0.009657,5,0.0,
1.69231,0.34923,2.447245,0.008611,5,0.0,
1.69231,0.35231,2.252805,0.00818,5,0.0,
1.69231,0.35538,1.982415,0.015601,5,0.0,
1.69231,0.35846,1.629429,0.01091,5,0.0,
1.69231,0.36154,1.206506,0.00969,5,0.0,
1.69231,0.36462,0.683236,0.002338,5,0.0,
1.69231,0.36769,1.327493,0.007994,5,0.0,
1.69231,0.37077,2.079836,0.002674,5,0.0,
1.69231,0.37385,2.948439,0.004236,5,0.0,
1.69231,0.37692,3.940983,0.011869,5,0.0,
1.69231,0.38,5.085032,0.006575,5,0.0,
1.69231,0.38308,6.37543,0.003575,5,0.0,
1.69231,0.38615,7.841957,0.008152,5,0.0,
1.69231,0.38923,9.489439,0.008184,5,0.0,
1.69231,0.39231,11.342052,0.002895,5,0.0,
1.69231,0.39538,13.421468,0.008417,5,0.0,
1.69231,0.39846,15.734992,0.006443,5,0.0,
1.69231,0.40154,18.321538,0.002684,5,0.0,
1.69231,0.40462,21.192752,0.006793,5,0.0,
1.69231,0.40769,24.481683,0.004077,5,0.0,
1.69231,0.41077,28.218558,0.004687,5,0.0,
1.69231,0.41385,32.35786,0.002789,5,0.0,
1.69231,0.41692,36.934248,0.004895,5,0.0,
1.69231,0.42,41.97896,0.007583,5,0.0,
1.73077,0.3,1.083888,0.09648,5,0.0,
1.73077,0.30308,1.162105,0.061206,5,0.0,
1.73077,0.30615,1.149913,0.038741,5,0.0,
1.73077,0.30923,1.166487,0.016968,5,0.0,
1.73077,0.31231,1.1764,0.039404,5,0.0,
1.73077,0.31538,1.233197,0.026497,5,0.0,
1.73077,0.31846,1.288974,0.042328,5,0.0,
1.73077,0.32154,1.330912,0.048306,5,0.0,
1.73077,0.32462,1.41779,0.044764,5,0.0,
1.73077,0.32769,1.473337,0.033566,5,0.0,
1.73077,0.33077,1.517904,0.052926,5,0.0,
1.73077,0.33385,1.725759,0.067886,5,0.0,
1.73077,0.33692,1.743723,0.018548,5,0.0,
1.73077,0.34,2.700596,0.03298,5,0.0,
1.73077,0.34308,2.745042,0.027769,5,0.0,
1.73077,0.34615,2.683177,0.017783,5,0.0,
1.73077,0.34923,2.560944,0.008129,5,0.0,
1.73077,0.35231,2.35126,0.009397,5,0.0,
1.73077,0.35538,2.068395,0.010741,5,0.0,
1.73077,0.35846,1.710634,0.015698,5,0.0,
1.73077,0.36154,1.272636,0.00745,5,0.0,
1.73077,0.36462,0.736153,0.013639,5,0.0,
1.73077,0.36769,1.321473,0.00657,5,0.0,
1.73077,0.37077,2.087976,0.010403,5,0.0,
1.73077,0.37385,2.972567,0.009744,5,0.0,
1.73077,0.37692,3.989412,0.006414,5,0.0,
1.73077,0.38,5.158141,0.013408,5,0.0,
1.73077,0.38308,6.485069,0.002803,5,0.0,
1.73077,0.38615,7.980755,0.005622,5,0.0,
1.73077,0.38923,9.669371,0.006735,5,0.0,
1.73077,0.39231,11.56419,0.001728,5,0.0,
1.73077,0.39538,13.688169,0.005128,5,0.0,
1.73077,0.39846,16.059294,0.009783,5,0.0,
1.73077,0.40154,18.697814,0.002386,5,0.0,
1.73077,0.40462,21.635731,0.009722,5,0.0,
1.73077,0.40769,24.980141,0.007483,5,0.0,
1.73077,0.41077,28.809325,0.006217,5,0.0,
1.73077,0.41385,33.042322,0.011278,5,0.0,
1.73077,0.41692,37.71397,0.006591,5,0.0,
1.73077,0.42,42.87313,0.004465,5,0.0,
1.76923,0.3,1.087484,0.07916,5,0.0,
1.76923,0.30308,1.211918,0.06486,5,0.0,
1.76923,0.30615,1.186364,0.062019,5,0.0,
1.76923,0.30923,1.238819,0.04545,5,0.0,
1.76923,0.31231,1.24746,0.032648,5,0.0,
1.76923,0.31538,1.266395,0.020006,5,0.0,
1.76923,0.31846,1.287198,0.024273,5,0.0,
1.76923,0.32154,1.357723,0.043348,5,0.0,
1.76923,0.32462,1.439678,0.053462,5,0.0,
1.76923,0.32769,1.505398,0.021123,5,0.0,
1.76923,0.33077,1.568594,0.02399,5,0.0,
1.76923,0.33385,1.774066,0.105619,5,0.0,
1.76923,0.33692,1.857723,0.042614,5,0.0,
1.76923,0.34,2.839136,0.037959,5,0.0,
1.76923,0.34308,2.838661,0.02835,5,0.0,
1.76923,0.34615,2.796225,0.014671,5,0.0,
1.76923,0.34923,2.658061,0.009254,5,0.0,
1.76923,0.35231,2.45267,0.007506,5,0.0,
1.76923,0.35538,2.15909,0.013352,5,0.0,
1.76923,0.35846,1.798772,0.020073,5,0.0,
1.76923,0.36154,1.352543,0.011313,5,0.0,
1.76923,0.36462,0.803657,0.003553,5,0.0,
1.76923,0.36769,1.313507,0.003116,5,0.0,
1.76923,0.37077,2.099213,0.002393,5,0.0,
1.76923,0.37385,3.007284,0.01132,5,0.0,
1.76923,0.37692,4.044612,0.005167,5,0.0,
1.76923,0.38,5.234781,0.007537,5,0.0,
1.76923,0.38308,6.590749,0.003055,5,0.0,
1.76923,0.38615,8.118586,0.004006,5,0.0,
1.76923,0.38923,9.844626,0.00243,5,0.0,
1.76923,0.39231,11.783911,0.004496,5,0.0,
1.76923,0.39538,13.955643,0.004735,5,0.0,
1.76923,0.39846,16.380702,0.008759,5,0.0,
1.76923,0.40154,19.08038,0.00317,5,0.0,
1.76923,0.40462,22.076857,0.00582,5,0.0,
1.76923,0.40769,25.481274,0.003776,5,0.0,
1.76923,0.41077,29.391147,0.006766,5,0.0,
1.76923,0.41385,33.718647,0.005658,5,0.0,
1.76923,0.41692,38.501333,0.006118,5,0.0,
1.76923,0.42,43.774017,0.009913,5,0.0,
1.80769,0.3,1.142399,0.084604,5,0.0,
1.80769,0.30308,1.190531,0.106112,5,0.0,
1.80769,0.30615,1.231867,0.056658,5,0.0,
1.80769,0.30923,1.276724,0.031518,5,0.0,
1.80769,0.31231,1.297333,0.031784,5,0.0,
1.80769,0.31538,1.312314,0.02057,5,0.0,
1.80769,0.31846,1.343945,0.044498,5,0.0,
1.80769,0.32154,1.402432,0.087018,5,0.0,
1.80769,0.32462,1.462996,0.077443,5,0.0,
1.80769,0.32769,1.562599,0.033708,5,0.0,
1.80769,0.33077,1.623472,0.027976,5,0.0,
1.80769,0.33385,1.794608,0.087308,5,0.0,
1.80769,0.33692,1.931991,0.044397,5,0.0,
1.80769,0.34,2.935927,0.040159,5,0.0,
1.80769,0.34308,2.983359,0.014812,5,0.0,
1.80769,0.34615,2.892492,0.010167,5,0.0,
1.80769,0.34923,2.758264,0.004893,5,0.0,
1.80769,0.35231,2.55574,0.012663,5,0.0,
1.80769,0.35538,2.254995,0.016084,5,0.0,
1.80769,0.35846,1.887317,0.010706,5,0.0,
1.80769,0.36154,1.424432,0.008129,5,0.0,
1.80769,0.36462,0.870687,0.007121,5,0.0,
1.80769,0.36769,1.307396,0.001142,5,0.0,
1.80769,0.37077,2.102804,0.009005,5,0.0,
1.80769,0.37385,3.034241,0.008352,5,0.0,
1.80769,0.37692,4.091739,0.005586,5,0.0,
1.80769,0.38,5.310197,0.008956,5,0.0,
1.80769,0.38308,6.697374,0.009189,5,0.0,
1.80769,0.38615,8.260857,0.003719,5,0.0,
1.80769,0.38923,10.023453,0.00323,5,0.0,
1.80769,0.39231,12.008193,0.007697,5,0.0,
1.80769,0.39538,14.2225,0.006236,5,0.0,
1.80769,0.39846,16.700572,0.004407,5,0.0,
1.80769,0.40154,19.463745,0.003973,5,0.0,
1.80769,0.40462,22.524559,0.003271,5,0.0,
1.80769,0.40769,25.984919,0.003661,5,0.0,
1.80769,0.41077,29.979358,0.008462,5,0.0,
1.80769,0.41385,34.399885,0.005754,5,0.0,
1.80769,0.41692,39.283791,0.003893,5,0.0,
1.80769,0.42,44.675837,0.002592,5,0.0,
1.84615,0.3,1.21396,0.078575,5,0.0,
1.84615,0.30308,1.220992,0.068835,5,0.0,
1.84615,0.30615,1.282859,0.069125,5,0.0,
1.84615,0.30923,1.347307,0.020527,5,0.0,
1.84615,0.31231,1.348261,0.019401,5,0.0,
1.84615,0.31538,1.333849,0.015651,5,0.0,
1.84615,0.31846,1.37306,0.026775,5,0.0,
1.84615,0.32154,1.41991,0.07638,5,0.0,
1.84615,0.32462,1.54513,0.063953,5,0.0,
1.84615,0.32769,1.614643,0.04484,5,0.0,
1.84615,0.33077,1.639338,0.025532,5,0.0,
1.84615,0.33385,1.778033,0.056213,5,0.0,
1.84615,0.33692,2.103406,0.107526,5,0.0,
1.84615,0.34,3.060744,0.039145,5,0.0,
1.84615,0.34308,3.082438,0.017012,5,0.0,
1.84615,0.34615,3.010942,0.006077,5,0.0,
1.84615,0.34923,2.849725,0.010609,5,0.0,
1.84615,0.35231,2.653891,0.013468,5,0.0,
1.84615,0.35538,2.347646,0.010322,5,0.0,
1.84615,0.35846,1.970179,0.015085,5,0.0,
1.84615,0.36154,1.494904,0.005813,5,0.0,
1.84615,0.36462,0.915434,0.012713,5,0.0,
1.84615,0.36769,1.290652,0.004602,5,0.0,
1.84615,0.37077,2.109003,0.011135,5,0.0,
1.84615,0.37385,3.058305,0.008478,5,0.0,
1.84615,0.37692,4.147422,0.005046,5,0.0,
1.84615,0.38,5.384762,0.008128,5,0.0,
1.84615,0.38308,6.802362,0.007462,5,0.0,
1.84615,0.38615,8.40015,0.005782,5,0.0,
1.84615,0.38923,10.198177,0.003167,5,0.0,
1.84615,0.39231,12.224969,0.006594,5,0.0,
1.84615,0.39538,14.489914,0.004008,5,0.0,
1.84615,0.39846,17.020372,0.003648,5,0.0,
1.84615,0.40154,19.838529,0.005899,5,0.0,
1.84615,0.40462,22.966484,0.003512,5,0.0,
1.84615,0.40769,26.481968,0.004283,5,0.0,
1.84615,0.41077,30.565008,0.004112,5,0.0,
1.84615,0.41385,35.084789,0.008991,5,0.0,
1.84615,0.41692,40.070978,0.00482,5,0.0,
1.84615,0.42,45.570625,0.005801,5,0.0,
1.88462,0.3,1.219672,0.11805,5,0.0,
1.88462,0.30308,1.291483,0.10293,5,0.0,
1.88462,0.30615,1.388557,0.014231,5,0.0,
1.88462,0.30923,1.358903,0.048484,5,0.0,
1.88462,0.31231,1.371301,0.034769,5,0.0,
1.88462,0.31538,1.415592,0.023088,5,0.0,
1.88462,0.31846,1.402685,0.026775,5,0.0,
1.88462,0.32154,1.505458,0.042655,5,0.0,
1.88462,0.32462,1.602394,0.041544,5,0.0,
1.88462,0.32769,1.636092,0.032407,5,0.0,
1.88462,0.33077,1.694556,0.042895,5,0.0,
1.88462,0.33385,1.777773,0.033818,5,0.0,
1.88462,0.33692,2.145881,0.068504,5,0.0,
1.88462,0.34,3.180943,0.017101,5,0.0,
1.88462,0.34308,3.195307,0.01346,5,0.0,
1.88462,0.34615,3.118373,0.011244,5,0.0,
1.88462,0.34923,2.968464,0.009642,5,0.0,
1.88462,0.35231,2.747334,0.008913,5,0.0,
1.88462,0.35538,2.4526,0.006609,5,0.0,
1.88462,0.35846,2.059353,0.009781,5,0.0,
1.88462,0.36154,1.576038,0.011899,5,0.0,
1.88462,0.36462,0.984904,0.007301,5,0.0,
1.88462,0.36769,1.284223,0.011322,5,0.0,
1.88462,0.37077,2.11957,0.003626,5,0.0,
1.88462,0.37385,3.07883,0.007032,5,0.0,
1.88462,0.37692,4.192968,0.004146,5,0.0,
1.88462,0.38,5.45754,0.007928,5,0.0,
1.88462,0.38308,6.909441,0.005214,5,0.0,
1.88462,0.38615,8.536604,0.00688,5,0.0,
1.88462,0.38923,10.382041,0.003368,5,0.0,
1.88462,0.39231,12.442843,0.007355,5,0.0,
1.88462,0.39538,14.757186,0.006706,5,0.0,
1.88462,0.39846,17.341852,0.008277,5,0.0,
1.88462,0.40154,20.214995,0.006779,5,0.0,
1.88462,0.40462,23.412319,0.006088,5,0.0,
1.88462,0.40769,26.984811,0.007348,5,0.0,
1.88462,0.41077,31.153763,0.008138,5,0.0,
1.88462,0.41385,35.763461,0.004891,5,0.0,
1.88462,0.41692,40.857257,0.0022,5,0.0,
1.88462,0.42,46.473823,0.009277,5,0.0,
1.92308,0.3,1.202212,0.074035,5,0.0,
1.92308,0.30308,1.310645,0.07068,5,0.0,
1.92308,0.30615,1.31898,0.043019,5,0.0,
1.92308,0.30923,1.40911,0.020715,5,0.0,
1.92308,0.31231,1.456356,0.019843,5,0.0,
1.92308,0.31538,1.45603,0.018489,5,0.0,
1.92308,0.31846,1.449132,0.019896,5,0.0,
1.92308,0.32154,1.533372,0.06796,5,0.0,
1.92308,0.32462,1.638982,0.059385,5,0.0,
1.92308,0.32769,1.725424,0.017961,5,0.0,
1.92308,0.33077,1.777681,0.011764,5,0.0,
1.92308,0.33385,1.819049,0.027281,5,0.0,
1.92308,0.33692,2.062588,0.098002,5,0.0,
1.92308,0.34,3.279977,0.021159,5,0.0,
1.92308,0.34308,3.299759,0.019358,5,0.0,
1.92308,0.34615,3.219952,0.014061,5,0.0,
1.92308,0.34923,3.078452,0.014914,5,0.0,
1.92308,0.35231,2.847919,0.008644,5,0.0,
1.92308,0.35538,2.538257,0.016015,5,0.0,
1.92308,0.35846,2.148581,0.008669,5,0.0,
1.92308,0.36154,1.652479,0.008204,5,0.0,
1.92308,0.36462,1.051339,0.013524,5,0.0,
1.92308,0.36769,1.264525,0.004319,5,0.0,
1.92308,0.37077,2.125047,0.011404,5,0.0,
1.92308,0.37385,3.113947,0.007028,5,0.0,
1.92308,0.37692,4.242568,0.006996,5,0.0,
1.92308,0.38,5.541203,0.006097,5,0.0,
1.92308,0.38308,7.011187,0.00418,5,0.0,
1.92308,0.38615,8.678359,0.006495,5,0.0,
1.92308,0.38923,10.553642,0.003756,5,0.0,
1.92308,0.39231,12.663424,0.00577,5,0.0,
1.92308,0.39538,15.025652,0.001264,5,0.0,
1.92308,0.39846,17.661504,0.006832,5,0.0,
1.92308,0.40154,20.594149,0.004043,5,0.0,
1.92308,0.40462,23.85823,0.005013,5,0.0,
1.92308,0.40769,27.486679,0.007247,5,0.0,
1.92308,0.41077,31.732225,0.00473,5,0.0,
1.92308,0.41385,36.438294,0.008128,5,0.0,
1.92308,0.41692,41.635642,0.002635,5,0.0,
1.92308,0.42,47.370279,0.004429,5,0.0,
1.96154,0.3,1.348224,0.076595,5,0.0,
1.96154,0.30308,1.399054,0.102304,5,0.0,
1.96154,0.30615,1.374146,0.070609,5,0.0,
1.96154,0.30923,1.432797,0.06361,5,0.0,
1.96154,0.31231,1.466973,0.043075,5,0.0,
1.96154,0.31538,1.475324,0.020042,5,0.0,
1.96154,0.31846,1.525132,0.042148,5,0.0,
1.96154,0.32154,1.584416,0.097563,5,0.0,
1.96154,0.32462,1.670398,0.069153,5,0.0,
1.96154,0.32769,1.772124,0.011265,5,0.0,
1.96154,0.33077,1.839122,0.010736,5,0.0,
1.96154,0.33385,1.850795,0.060479,5,0.0,
1.96154,0.33692,2.198974,0.095539,5,0.0,
1.96154,0.34,3.409753,0.015479,5,0.0,
1.96154,0.34308,3.407115,0.01722,5,0.0,
1.96154,0.34615,3.346334,0.012186,5,0.0,
1.96154,0.34923,3.175423,0.014421,5,0.0,
1.96154,0.35231,2.953799,0.015404,5,0.0,
1.96154,0.35538,2.632122,0.004449,5,0.0,
1.96154,0.35846,2.229872,0.009682,5,0.0,
1.96154,0.36154,1.719976,0.007984,5,0.0,
1.96154,0.36462,1.115292,0.006896,5,0.0,
1.96154,0.36769,1.26179,0.00897,5,0.0,
1.96154,0.37077,2.132471,0.010577,5,0.0,
1.96154,0.37385,3.139085,0.007765,5,0.0,
1.96154,0.37692,4.295136,0.003361,5,0.0,
1.96154,0.38,5.615252,0.006071,5,0.0,
1.96154,0.38308,7.119161,0.012045,5,0.0,
1.96154,0.38615,8.817517,0.004688,5,0.0,
1.96154,0.38923,10.732585,0.005056,5,0.0,
1.96154,0.39231,12.884272,0.003818,5,0.0,
1.96154,0.39538,15.289355,0.005299,5,0.0,
1.96154,0.39846,17.982852,0.002421,5,0.0,
1.96154,0.40154,20.979208,0.005214,5,0.0,
1.96154,0.40462,24.301094,0.00719,5,0.0,
1.96154,0.40769,27.992823,0.0046,5,0.0,
1.96154,0.41077,32.323304,0.006026,5,0.0,
1.96154,0.41385,37.122557,0.004191,5,0.0,
1.96154,0.41692,42.421459,0.010323,5,0.0,
1.96154,0.42,48.270349,0.002918,5,0.0,
2.0,0.3,1.376935,0.101261,5,0.0,
2.0,0.30308,1.39405,0.071539,5,0.0,
2.0,0.30615,1.456116,0.083341,5,0.0,
2.0,0.30923,1.453012,0.06543,5,0.0,
2.0,0.31231,1.5088,0.051066,5,0.0,
2.0,0.31538,1.540724,0.035999,5,0.0,
2.0,0.31846,1.577345,0.048215,5,0.0,
2.0,0.32154,1.583438,0.025276,5,0.0,
2.0,0.32462,1.645537,0.075804,5,0.0,
2.0,0.32769,1.779176,0.07488,5,0.0,
2.0,0.33077,1.867059,0.013938,5,0.0,
2.0,0.33385,1.975873,0.093479,5,0.0,
2.0,0.33692,2.232147,0.182239,5,0.0,
2.0,0.34,3.528057,0.019259,5,0.0,
2.0,0.34308,3.523192,0.014777,5,0.0,
2.0,0.34615,3.444261,0.015881,5,0.0,
2.0,0.34923,3.2983,0.005877,5,0.0,
2.0,0.35231,3.052377,0.010586,5,0.0,
2.0,0.35538,2.725732,0.008147,5,0.0,
2.0,0.35846,2.311395,0.009557,5,0.0,
2.0,0.36154,1.796028,0.01377,5,0.0,
2.0,0.36462,1.179935,0.007436,5,0.0,
2.0,0.36769,1.255087,0.004909,5,0.0,
2.0,0.37077,2.145903,0.006393,5,0.0,
2.0,0.37385,3.163148,0.004134,5,0.0,
2.0,0.37692,4.345548,0.006748,5,0.0,
2.0,0.38,5.693402,0.008641,5,0.0,
2.0,0.38308,7.229155,0.006223,5,0.0,
2.0,0.38615,8.952882,0.004932,5,0.0,
2.0,0.38923,10.913876,0.004371,5,0.0,
2.0,0.39231,13.10411,0.002989,5,0.0,
2.0,0.39538,15.560608,0.005743,5,0.0,
2.0,0.39846,18.300716,0.00572,5,0.0,
2.0,0.40154,21.361855,0.003229,5,0.0,
2.0,0.40462,24.75117,0.006621,5,0.0,
2.0,0.40769,28.50881,0.007278,5,0.0,
2.0,0.41077,32.913737,0.002722,5,0.0,
2.0,0.41385,37.798357,0.007353,5,0.0,
2.0,0.41692,43.203126,0.006182,5,0.0,
2.0,0.42,49.166399,0.005319,5,0.0,
