arm,seed,step,loss,best_so_far,cumulative_cost,stable
random,0,1,0.46778517593491803,0.46778517593491803,41.41,True
random,0,2,0.26076098839634676,0.26076098839634676,105.26,True
random,0,3,0.502473108828611,0.26076098839634676,145.39,True
random,0,4,0.407671657825897,0.26076098839634676,195.39,True
random,0,5,0.7526135228465374,0.26076098839634676,222.28,True
random,0,6,0.42001329746373917,0.26076098839634676,288.05,True
random,0,7,0.47425823287790253,0.26076098839634676,328.76,True
random,0,8,0.48030717569349834,0.26076098839634676,372.24,True
random,0,9,0.261373726475032,0.26076098839634676,498.72,True
random,0,10,,0.26076098839634676,501.99,False
random,0,11,0.653162221751775,0.26076098839634676,539.63,True
random,0,12,0.2814758745587765,0.26076098839634676,611.58,True
random,0,13,,0.26076098839634676,638.56,False
random,0,14,0.5266953721558364,0.26076098839634676,664.39,True
random,0,15,0.27616808434380175,0.26076098839634676,741.93,True
random,0,16,0.3724735095296544,0.26076098839634676,842.17,True
random,0,17,0.3234726461934319,0.26076098839634676,940.2,True
random,0,18,0.4061626707719715,0.26076098839634676,1057.47,True
random,0,19,0.23099560320230814,0.23099560320230814,1145.66,True
random,0,20,0.21154843937025028,0.21154843937025028,1245.01,True
random,0,21,0.2055083833813949,0.2055083833813949,1341.71,True
random,0,22,1.106881674737672,0.2055083833813949,1396.57,True
random,0,23,0.19020593705755898,0.19020593705755898,1536.18,True
random,0,24,0.24802630088136246,0.19020593705755898,1612.95,True
random,0,25,0.3809009731661945,0.19020593705755898,1732.26,True
random,0,26,0.20952172953947487,0.19020593705755898,1863.18,True
random,0,27,0.24312146836930865,0.19020593705755898,1987.5,True
random,0,28,0.21294989079618468,0.19020593705755898,2139.28,True
random,0,29,0.20758082704503208,0.19020593705755898,2164.06,True
random,0,30,,0.19020593705755898,2170.07,False
random,0,31,0.19380936491655365,0.19020593705755898,2194.9,True
random,0,32,0.17834255854638992,0.17834255854638992,2219.56,True
random,0,33,0.18611872787195216,0.17834255854638992,2243.24,True
random,0,34,0.173704588790934,0.173704588790934,2267.19,True
random,0,35,0.16602830893039838,0.16602830893039838,2292.63,True
random,1,1,0.662613047396719,0.662613047396719,25.89,True
random,1,2,0.2543751148983717,0.2543751148983717,158.36,True
random,1,3,0.4063136449726408,0.2543751148983717,226.56,True
random,1,4,0.6010049477742493,0.2543751148983717,340.23,True
random,1,5,0.5092590588578867,0.2543751148983717,423.42,True
random,1,6,0.5527764173013004,0.2543751148983717,484.55,True
random,1,7,0.3218028053210985,0.2543751148983717,522.36,True
random,1,8,0.3500071217614777,0.2543751148983717,562.06,True
random,1,9,0.4075003820908921,0.2543751148983717,713.32,True
random,1,10,0.49355999581198634,0.2543751148983717,786.37,True
random,1,11,0.20435642828447367,0.20435642828447367,951.99,True
random,1,12,0.293696419525898,0.20435642828447367,1158.05,True
random,1,13,0.2642348742906443,0.20435642828447367,1279.47,True
random,1,14,0.3758583308833514,0.20435642828447367,1300.33,True
random,1,15,0.42719689020248297,0.20435642828447367,1374.82,True
random,1,16,0.2592903559872418,0.20435642828447367,1420.7,True
random,1,17,0.23443707546981618,0.20435642828447367,1525.19,True
random,1,18,0.3561362326645734,0.20435642828447367,1621.38,True
random,1,19,0.3975530809340728,0.20435642828447367,1766.04,True
random,1,20,0.24386299785240217,0.20435642828447367,1852.48,True
random,1,21,0.36050907248140684,0.20435642828447367,1885.77,True
random,1,22,0.18256739577304396,0.18256739577304396,2064.55,True
random,1,23,0.37382313747566775,0.18256739577304396,2097.04,True
random,1,24,0.1997470918725451,0.18256739577304396,2140.72,True
random,1,25,0.17513694920132317,0.17513694920132317,2328.22,True
random,1,26,0.44203334845347464,0.17513694920132317,2507.88,True
random,1,27,0.20192209343156803,0.17513694920132317,2642.56,True
random,1,28,,0.17513694920132317,2697.23,False
random,1,29,,0.17513694920132317,2704.0,False
random,1,30,0.16345052363646312,0.16345052363646312,2897.65,True
random,1,31,0.20195857294440378,0.16345052363646312,3101.62,True
random,1,32,0.41257948775970216,0.16345052363646312,3303.76,True
random,1,33,0.177092050752338,0.16345052363646312,3489.35,True
random,1,34,0.21530106262139567,0.16345052363646312,3660.69,True
random,1,35,0.16212502305326826,0.16212502305326826,3856.02,True
random,2,1,0.8931872063961629,0.8931872063961629,23.06,True
random,2,2,0.8329952821934788,0.8329952821934788,74.02,True
random,2,3,0.5913962769001523,0.5913962769001523,137.23,True
random,2,4,0.5199352183938154,0.5199352183938154,238.72,True
random,2,5,0.35504508788689354,0.35504508788689354,309.67,True
random,2,6,,0.35504508788689354,311.52,False
random,2,7,0.36792310522607613,0.35504508788689354,384.82,True
random,2,8,0.5356435449087888,0.35504508788689354,438.18,True
random,2,9,,0.35504508788689354,440.41,False
random,2,10,0.5633323298913583,0.35504508788689354,548.69,True
random,2,11,0.3250103419979853,0.3250103419979853,628.71,True
random,2,12,0.7746082925001585,0.3250103419979853,672.63,True
random,2,13,0.285158712126229,0.285158712126229,769.82,True
random,2,14,0.26528330274008505,0.26528330274008505,884.6,True
random,2,15,0.30211741810963194,0.26528330274008505,1040.04,True
random,2,16,0.3572511302797443,0.26528330274008505,1167.36,True
random,2,17,0.907888162239442,0.26528330274008505,1223.52,True
random,2,18,0.20544122313301502,0.20544122313301502,1296.84,True
random,2,19,0.2083142767084893,0.20544122313301502,1324.93,True
random,2,20,0.2888502860851458,0.20544122313301502,1472.26,True
random,2,21,0.2670004804032549,0.20544122313301502,1500.09,True
random,2,22,0.19901244754491437,0.19901244754491437,1545.82,True
random,2,23,0.2003240361318961,0.19901244754491437,1597.27,True
random,2,24,0.7660931840129026,0.19901244754491437,1682.46,True
random,2,25,0.19688545200631563,0.19688545200631563,1720.55,True
random,2,26,0.2724482598668244,0.19688545200631563,1745.63,True
random,2,27,0.2986965446634913,0.19688545200631563,1778.87,True
random,2,28,,0.19688545200631563,1779.97,False
random,2,29,0.2233695700535137,0.19688545200631563,1811.57,True
random,2,30,0.3057707909974357,0.19688545200631563,1830.94,True
random,2,31,0.4411024552494037,0.19688545200631563,1861.32,True
random,2,32,0.2193365883447073,0.19688545200631563,1959.66,True
random,2,33,0.1978896553934501,0.19688545200631563,1991.59,True
random,2,34,0.19566448210388765,0.19566448210388765,2146.97,True
random,2,35,0.3200017094275839,0.19566448210388765,2237.6,True
random,3,1,1.0407997775710585,1.0407997775710585,37.3,True
random,3,2,0.5886762868884141,0.5886762868884141,200.82,True
random,3,3,0.5894387933285767,0.5886762868884141,267.6,True
random,3,4,,0.5886762868884141,273.59,False
random,3,5,0.44323329852255033,0.44323329852255033,360.98,True
random,3,6,,0.44323329852255033,365.1,False
random,3,7,0.465082717916437,0.44323329852255033,435.76,True
random,3,8,0.3507175415628251,0.3507175415628251,498.76,True
random,3,9,0.37088785848370764,0.3507175415628251,517.82,True
random,3,10,0.31660716979678644,0.31660716979678644,561.08,True
random,3,11,0.4939600419298096,0.31660716979678644,619.24,True
random,3,12,0.3235242579789848,0.31660716979678644,672.29,True
random,3,13,,0.31660716979678644,677.07,False
random,3,14,,0.31660716979678644,702.18,False
random,3,15,0.3231169366575591,0.31660716979678644,725.67,True
random,3,16,0.502058854075785,0.31660716979678644,759.03,True
random,3,17,0.3696149548488759,0.31660716979678644,901.5,True
random,3,18,0.4143169668015234,0.31660716979678644,920.01,True
random,3,19,,0.31660716979678644,924.09,False
random,3,20,0.30668778326221025,0.30668778326221025,947.91,True
random,3,21,0.3197525481132844,0.30668778326221025,964.01,True
random,3,22,0.29660085034877576,0.29660085034877576,985.23,True
random,3,23,0.268134417571229,0.268134417571229,1021.43,True
random,3,24,0.27897609210270413,0.268134417571229,1062.89,True
random,3,25,0.26205140191800363,0.26205140191800363,1110.61,True
random,3,26,,0.26205140191800363,1143.79,False
random,3,27,0.23283018060270963,0.23283018060270963,1175.92,True
random,3,28,0.29237220242974427,0.23283018060270963,1207.08,True
random,3,29,0.24353346582630264,0.23283018060270963,1236.11,True
random,3,30,0.6061123135923673,0.23283018060270963,1283.64,True
random,3,31,0.22616057043794602,0.22616057043794602,1310.58,True
random,3,32,0.19472639320520288,0.19472639320520288,1337.3,True
random,3,33,0.1921446902612986,0.1921446902612986,1363.95,True
random,3,34,0.19490193862657706,0.1921446902612986,1391.65,True
random,3,35,0.19233580997076818,0.1921446902612986,1428.88,True
random,4,1,,,13.67,False
random,4,2,0.4325638491381822,0.4325638491381822,120.19,True
random,4,3,0.9287925673752104,0.4325638491381822,163.19,True
random,4,4,0.5426413983297107,0.4325638491381822,251.27,True
random,4,5,0.6060564789633004,0.4325638491381822,351.65,True
random,4,6,0.5293649218217821,0.4325638491381822,524.1,True
random,4,7,0.36839381030533597,0.36839381030533597,598.71,True
random,4,8,0.4069613000180255,0.36839381030533597,668.74,True
random,4,9,0.2474743836745795,0.2474743836745795,699.49,True
random,4,10,,0.2474743836745795,719.28,False
random,4,11,0.5813800101536102,0.2474743836745795,784.38,True
random,4,12,0.27390802690761423,0.2474743836745795,821.74,True
random,4,13,0.4082265384140859,0.2474743836745795,926.78,True
random,4,14,0.293576244669233,0.2474743836745795,954.98,True
random,4,15,,0.2474743836745795,971.97,False
random,4,16,0.30141394849699393,0.2474743836745795,1049.96,True
random,4,17,0.24337238464665423,0.24337238464665423,1080.17,True
random,4,18,0.23946740443090503,0.23946740443090503,1114.98,True
random,4,19,0.6618001691552511,0.23946740443090503,1173.13,True
random,4,20,0.25694130974701285,0.23946740443090503,1222.63,True
random,4,21,0.4252895572488947,0.23946740443090503,1338.27,True
random,4,22,0.256969497683532,0.23946740443090503,1366.87,True
random,4,23,0.26665468703467154,0.23946740443090503,1462.17,True
random,4,24,0.30960108645360307,0.23946740443090503,1502.03,True
random,4,25,0.34775987460930524,0.23946740443090503,1540.89,True
random,4,26,0.4443429538614228,0.23946740443090503,1602.76,True
random,4,27,0.3854867872648869,0.23946740443090503,1648.84,True
random,4,28,0.25424145490984135,0.23946740443090503,1741.67,True
random,4,29,0.22473386109457463,0.22473386109457463,1821.9,True
random,4,30,0.20647655013841984,0.20647655013841984,1875.41,True
random,4,31,0.2718169052943601,0.20647655013841984,1914.67,True
random,4,32,0.20526651408379296,0.20526651408379296,1987.44,True
random,4,33,0.3042665540853962,0.20526651408379296,2025.94,True
random,4,34,0.34584674475241756,0.20526651408379296,2066.21,True
random,4,35,0.23798742577604276,0.20526651408379296,2127.93,True
random,5,1,1.0803389221722637,1.0803389221722637,15.03,True
random,5,2,0.249451938065125,0.249451938065125,116.41,True
random,5,3,0.39287472209441,0.249451938065125,133.57,True
random,5,4,,0.249451938065125,151.08,False
random,5,5,,0.249451938065125,187.9,False
random,5,6,0.46987032313052823,0.249451938065125,233.86,True
random,5,7,0.5413572479885473,0.249451938065125,249.25,True
random,5,8,0.5029769226005742,0.249451938065125,298.03,True
random,5,9,0.5078626675964674,0.249451938065125,415.2,True
random,5,10,0.5010926120799992,0.249451938065125,456.07,True
random,5,11,0.24192678557393746,0.24192678557393746,599.45,True
random,5,12,0.392678192290169,0.24192678557393746,620.7,True
random,5,13,0.20979133607673095,0.20979133607673095,768.9,True
random,5,14,0.2374065181426302,0.20979133607673095,927.49,True
random,5,15,,0.20979133607673095,973.61,False
random,5,16,0.4688073337544846,0.20979133607673095,1005.64,True
random,5,17,,0.20979133607673095,1050.74,False
random,5,18,0.21195652739051335,0.20979133607673095,1110.88,True
random,5,19,0.5512776909012641,0.20979133607673095,1162.68,True
random,5,20,0.19839790534975893,0.19839790534975893,1309.73,True
random,5,21,0.2320500081890213,0.19839790534975893,1332.92,True
random,5,22,0.20865716245217603,0.19839790534975893,1359.91,True
random,5,23,,0.19839790534975893,1366.48,False
random,5,24,0.26907773816357206,0.19839790534975893,1527.58,True
random,5,25,0.22171720882292906,0.19839790534975893,1666.9,True
random,5,26,0.22680167895829895,0.19839790534975893,1691.21,True
random,5,27,0.2649963690776871,0.19839790534975893,1712.87,True
random,5,28,0.35543308145695374,0.19839790534975893,1837.36,True
random,5,29,0.24583263119772517,0.19839790534975893,1866.48,True
random,5,30,0.5094627294693613,0.19839790534975893,1877.46,True
random,5,31,0.6970529357119314,0.19839790534975893,1888.66,True
random,5,32,0.9202407907195583,0.19839790534975893,1956.48,True
random,5,33,0.34476794220826806,0.19839790534975893,2065.54,True
random,5,34,0.21747572186719835,0.19839790534975893,2206.38,True
random,5,35,,0.19839790534975893,2228.73,False
random,6,1,0.6751849467222095,0.6751849467222095,154.98,True
random,6,2,0.761276074316628,0.6751849467222095,221.96,True
random,6,3,0.4663698456232091,0.4663698456232091,304.3,True
random,6,4,,0.4663698456232091,310.94,False
random,6,5,0.47025292439488836,0.4663698456232091,384.7,True
random,6,6,0.45073398671968046,0.45073398671968046,531.96,True
random,6,7,0.35407705897489405,0.35407705897489405,597.21,True
random,6,8,,0.35407705897489405,603.58,False
random,6,9,0.30985753752302947,0.30985753752302947,699.57,True
random,6,10,,0.30985753752302947,708.66,False
random,6,11,,0.30985753752302947,724.01,False
random,6,12,0.3182020697017796,0.30985753752302947,754.79,True
random,6,13,0.33752270473066986,0.30985753752302947,822.17,True
random,6,14,0.43105757018515994,0.30985753752302947,887.97,True
random,6,15,0.368316961121854,0.30985753752302947,974.92,True
random,6,16,0.30398475920954415,0.30398475920954415,1030.52,True
random,6,17,0.44818420163305195,0.30398475920954415,1096.69,True
random,6,18,0.3212228624076884,0.30398475920954415,1171.64,True
random,6,19,0.3647435098696219,0.30398475920954415,1286.09,True
random,6,20,0.2400404996847154,0.2400404996847154,1400.45,True
random,6,21,0.22797616882625227,0.22797616882625227,1520.45,True
random,6,22,0.6396728360722262,0.22797616882625227,1588.07,True
random,6,23,0.25756261883646175,0.22797616882625227,1709.95,True
random,6,24,0.2243895860383076,0.2243895860383076,1829.55,True
random,6,25,0.20062977684854413,0.20062977684854413,1958.08,True
random,6,26,,0.20062977684854413,1980.62,False
random,6,27,0.25441795046465787,0.20062977684854413,2063.85,True
random,6,28,0.1898119305790786,0.1898119305790786,2087.35,True
random,6,29,0.47828173923167966,0.1898119305790786,2097.65,True
random,6,30,0.21555979409542905,0.1898119305790786,2234.81,True
random,6,31,0.22249879795569327,0.1898119305790786,2258.74,True
random,6,32,0.43063289587522746,0.1898119305790786,2275.46,True
random,6,33,0.17607870738732015,0.17607870738732015,2298.36,True
random,6,34,,0.17607870738732015,2299.8,False
random,6,35,0.8673749626457765,0.17607870738732015,2338.92,True
random,7,1,,,9.41,False
random,7,2,0.5676261569927663,0.5676261569927663,114.02,True
random,7,3,,0.5676261569927663,133.77,False
random,7,4,0.7374455724456916,0.5676261569927663,209.71,True
random,7,5,0.22569523428010957,0.22569523428010957,243.17,True
random,7,6,,0.22569523428010957,249.36,False
random,7,7,0.5673563573101696,0.22569523428010957,265.47,True
random,7,8,0.3016131242759118,0.22569523428010957,336.83,True
random,7,9,0.5734998394979174,0.22569523428010957,361.05,True
random,7,10,0.2351980680109972,0.22569523428010957,397.24,True
random,7,11,0.2362800349307782,0.22569523428010957,487.4,True
random,7,12,0.2200471492349805,0.2200471492349805,560.2,True
random,7,13,0.5265579993839825,0.2200471492349805,633.55,True
random,7,14,0.44015699067679026,0.2200471492349805,709.09,True
random,7,15,0.5287952524251787,0.2200471492349805,776.42,True
random,7,16,0.23391470025362177,0.2200471492349805,846.58,True
random,7,17,0.28041576161242104,0.2200471492349805,917.17,True
random,7,18,0.4064676707005292,0.2200471492349805,952.98,True
random,7,19,0.24301372217167974,0.2200471492349805,1000.97,True
random,7,20,0.34179981706493723,0.2200471492349805,1034.79,True
random,7,21,0.25842146041754704,0.2200471492349805,1062.0,True
random,7,22,0.38527966380207757,0.2200471492349805,1088.23,True
random,7,23,0.8867430334180427,0.2200471492349805,1110.36,True
random,7,24,0.21437260730029978,0.21437260730029978,1137.85,True
random,7,25,0.20083422392675238,0.20083422392675238,1166.86,True
random,7,26,0.21676434897927524,0.20083422392675238,1194.99,True
random,7,27,0.19125362500633575,0.19125362500633575,1226.22,True
random,7,28,0.28319221151327595,0.19125362500633575,1264.2,True
random,7,29,,0.19125362500633575,1268.36,False
random,7,30,0.25422462479975744,0.19125362500633575,1291.96,True
random,7,31,0.48694061780694586,0.19125362500633575,1331.23,True
random,7,32,0.2231460829514106,0.19125362500633575,1360.38,True
random,7,33,0.19909068625311133,0.19125362500633575,1392.42,True
random,7,34,0.6869330361324545,0.19125362500633575,1405.64,True
random,7,35,0.6629191004897879,0.19125362500633575,1449.78,True
random,8,1,0.6084274307861134,0.6084274307861134,87.71,True
random,8,2,0.38006695631243825,0.38006695631243825,192.2,True
random,8,3,0.7793646684075688,0.38006695631243825,214.28,True
random,8,4,0.5383234796520091,0.38006695631243825,267.81,True
random,8,5,0.40230908649906794,0.38006695631243825,289.68,True
random,8,6,0.2356145602377651,0.2356145602377651,357.99,True
random,8,7,0.5694130760251076,0.2356145602377651,411.8,True
random,8,8,0.39750690106575726,0.2356145602377651,508.49,True
random,8,9,0.5340062085418408,0.2356145602377651,614.78,True
random,8,10,0.4157931098171981,0.2356145602377651,672.91,True
random,8,11,,0.2356145602377651,680.59,False
random,8,12,0.1991095235846868,0.1991095235846868,753.44,True
random,8,13,0.28136021353536206,0.1991095235846868,857.13,True
random,8,14,0.2246510610962878,0.1991095235846868,926.02,True
random,8,15,0.39864904678367424,0.1991095235846868,1084.08,True
random,8,16,0.5905571711452766,0.1991095235846868,1104.54,True
random,8,17,0.1984225560233251,0.1984225560233251,1179.66,True
random,8,18,0.5329070217032083,0.1984225560233251,1269.47,True
random,8,19,0.18317022455293036,0.18317022455293036,1347.9,True
random,8,20,0.19157291470275808,0.18317022455293036,1554.58,True
random,8,21,0.21589147261429267,0.18317022455293036,1600.74,True
random,8,22,0.8690410162828377,0.18317022455293036,1670.64,True
random,8,23,0.2008903518843443,0.18317022455293036,1883.23,True
random,8,24,,0.18317022455293036,1884.89,False
random,8,25,0.1851697610159163,0.18317022455293036,1991.87,True
random,8,26,0.5353789848586354,0.18317022455293036,2015.17,True
random,8,27,0.7455466581267971,0.18317022455293036,2133.63,True
random,8,28,,0.18317022455293036,2152.1,False
random,8,29,0.1898514053902153,0.18317022455293036,2342.06,True
random,8,30,0.562205793911955,0.18317022455293036,2358.84,True
random,8,31,0.21221077964082574,0.18317022455293036,2395.06,True
random,8,32,0.18425975610169018,0.18317022455293036,2432.64,True
random,8,33,0.26464644118034186,0.18317022455293036,2464.85,True
random,8,34,1.2637498808459415,0.18317022455293036,2546.38,True
random,8,35,0.17824320310584313,0.17824320310584313,2649.93,True
random,9,1,0.46894455898473564,0.46894455898473564,22.79,True
random,9,2,0.6413665904879599,0.46894455898473564,124.21,True
random,9,3,0.3378371861537876,0.3378371861537876,220.08,True
random,9,4,0.49810870966858717,0.3378371861537876,406.06,True
random,9,5,0.3989831925608136,0.3378371861537876,450.88,True
random,9,6,0.657479096613789,0.3378371861537876,556.71,True
random,9,7,0.806460608377727,0.3378371861537876,596.73,True
random,9,8,0.376896553463007,0.3378371861537876,704.56,True
random,9,9,0.5935243222790236,0.3378371861537876,850.95,True
random,9,10,0.5043341173980239,0.3378371861537876,942.97,True
random,9,11,,0.3378371861537876,953.25,False
random,9,12,0.4096499964523414,0.3378371861537876,1088.45,True
random,9,13,,0.3378371861537876,1090.76,False
random,9,14,0.29579098775629764,0.29579098775629764,1260.17,True
random,9,15,0.2905652302086724,0.2905652302086724,1295.68,True
random,9,16,,0.2905652302086724,1309.16,False
random,9,17,0.29071754183416443,0.2905652302086724,1391.66,True
random,9,18,0.7879265217535069,0.2905652302086724,1446.55,True
random,9,19,0.2963977857037979,0.2905652302086724,1609.41,True
random,9,20,,0.2905652302086724,1611.51,False
random,9,21,0.2728185842406864,0.2728185842406864,1654.92,True
random,9,22,0.2818409798087486,0.2728185842406864,1786.3,True
random,9,23,0.26104189413542084,0.26104189413542084,1833.25,True
random,9,24,0.2507162500271299,0.2507162500271299,1893.51,True
random,9,25,0.2317849602700267,0.2317849602700267,1948.66,True
random,9,26,0.2868595815624488,0.2317849602700267,2002.21,True
random,9,27,0.5756197693044961,0.2317849602700267,2102.78,True
random,9,28,0.22104909342278675,0.22104909342278675,2136.07,True
random,9,29,0.288847172949765,0.22104909342278675,2226.2,True
random,9,30,0.2283166811656743,0.22104909342278675,2280.85,True
random,9,31,0.3208580177025268,0.22104909342278675,2308.48,True
random,9,32,0.22565237354957257,0.22104909342278675,2474.29,True
random,9,33,0.4066568886922948,0.22104909342278675,2627.14,True
random,9,34,0.21840462319032256,0.21840462319032256,2745.46,True
random,9,35,0.22146698162995165,0.21840462319032256,2788.16,True
random,10,1,0.4175420388114237,0.4175420388114237,63.31,True
random,10,2,1.0301527762226934,0.4175420388114237,84.25,True
random,10,3,0.40082734582519614,0.40082734582519614,106.42,True
random,10,4,1.1198363785604746,0.40082734582519614,123.03,True
random,10,5,0.4307138816837984,0.40082734582519614,188.35,True
random,10,6,0.5909313897908692,0.40082734582519614,296.52,True
random,10,7,0.9604310189626751,0.40082734582519614,330.28,True
random,10,8,,0.40082734582519614,338.1,False
random,10,9,,0.40082734582519614,348.71,False
random,10,10,,0.40082734582519614,358.76,False
random,10,11,0.41278811876389393,0.40082734582519614,386.13,True
random,10,12,0.6746442107918775,0.40082734582519614,398.13,True
random,10,13,0.605026475976505,0.40082734582519614,423.96,True
random,10,14,0.4055522347515226,0.40082734582519614,568.75,True
random,10,15,0.4944020989688828,0.40082734582519614,651.95,True
random,10,16,0.3114815408826431,0.3114815408826431,787.71,True
random,10,17,0.3064194077893474,0.3064194077893474,940.03,True
random,10,18,0.4857285039548375,0.3064194077893474,951.8,True
random,10,19,0.2895217993001775,0.2895217993001775,1070.39,True
random,10,20,0.3628910980572838,0.2895217993001775,1178.81,True
random,10,21,,0.2895217993001775,1197.41,False
random,10,22,,0.2895217993001775,1234.17,False
random,10,23,0.29991906956791,0.2895217993001775,1345.01,True
random,10,24,0.6165406045589147,0.2895217993001775,1422.76,True
random,10,25,0.37645931176430814,0.2895217993001775,1591.67,True
random,10,26,0.27284708651415124,0.27284708651415124,1722.75,True
random,10,27,0.25957619073276017,0.25957619073276017,1756.23,True
random,10,28,0.5277276211899362,0.25957619073276017,1830.29,True
random,10,29,0.2582875026638385,0.2582875026638385,1862.37,True
random,10,30,,0.2582875026638385,1898.48,False
random,10,31,0.20660253327069372,0.20660253327069372,2051.51,True
random,10,32,0.19962842162738262,0.19962842162738262,2202.26,True
random,10,33,0.21756155813391032,0.19962842162738262,2350.38,True
random,10,34,0.18329991514758362,0.18329991514758362,2505.52,True
random,10,35,0.1978553887843304,0.18329991514758362,2667.72,True
random,11,1,0.8953339070580081,0.8953339070580081,22.06,True
random,11,2,,0.8953339070580081,42.54,False
random,11,3,,0.8953339070580081,45.81,False
random,11,4,0.5730475865754721,0.5730475865754721,168.55,True
random,11,5,0.7875792274600109,0.5730475865754721,185.81,True
random,11,6,0.32251203285301,0.32251203285301,226.51,True
random,11,7,,0.32251203285301,245.79,False
random,11,8,0.5952495535472062,0.32251203285301,318.1,True
random,11,9,0.5629452951343483,0.32251203285301,353.12,True
random,11,10,0.4032902002169936,0.32251203285301,393.22,True
random,11,11,0.2672011802003261,0.2672011802003261,444.45,True
random,11,12,,0.2672011802003261,462.07,False
random,11,13,0.6659441313906891,0.2672011802003261,500.52,True
random,11,14,0.1891405531199544,0.1891405531199544,571.16,True
random,11,15,0.364261563666448,0.1891405531199544,656.1,True
random,11,16,0.22882674345171808,0.1891405531199544,730.95,True
random,11,17,0.38625419492484153,0.1891405531199544,772.74,True
random,11,18,0.553607908772311,0.1891405531199544,812.44,True
random,11,19,0.507907972973685,0.1891405531199544,840.8,True
random,11,20,0.16426577414746732,0.16426577414746732,911.16,True
random,11,21,0.16543713365483848,0.16426577414746732,985.66,True
random,11,22,0.18214806298866731,0.16426577414746732,1054.61,True
random,11,23,,0.16426577414746732,1077.88,False
random,11,24,0.1428390114680351,0.1428390114680351,1148.79,True
random,11,25,0.17850981413142786,0.1428390114680351,1218.52,True
random,11,26,0.14955089119244716,0.1428390114680351,1290.03,True
random,11,27,0.15982182860825286,0.1428390114680351,1363.97,True
random,11,28,0.1411691041872024,0.1411691041872024,1437.79,True
random,11,29,0.14446131548010296,0.1411691041872024,1514.42,True
random,11,30,0.30444885967427016,0.1411691041872024,1708.52,True
random,11,31,0.6165281210623081,0.1411691041872024,1838.78,True
random,11,32,0.14023792172524444,0.14023792172524444,2008.23,True
random,11,33,0.8762893167161523,0.14023792172524444,2208.59,True
random,11,34,0.5271225722223796,0.14023792172524444,2242.76,True
random,11,35,0.876241194281277,0.14023792172524444,2372.1,True
random,12,1,0.5109388463885021,0.5109388463885021,29.33,True
random,12,2,0.6961259003757725,0.5109388463885021,88.58,True
random,12,3,0.39654534227993726,0.39654534227993726,108.0,True
random,12,4,0.8921624365831099,0.39654534227993726,140.82,True
random,12,5,,0.39654534227993726,151.01,False
random,12,6,0.3174669522153667,0.3174669522153667,189.15,True
random,12,7,0.9331336669711577,0.3174669522153667,265.63,True
random,12,8,0.4048153007631044,0.3174669522153667,383.17,True
random,12,9,0.5230995977141674,0.3174669522153667,436.79,True
random,12,10,,0.3174669522153667,448.19,False
random,12,11,0.21222056285856372,0.21222056285856372,489.64,True
random,12,12,0.2668629586211375,0.21222056285856372,678.15,True
random,12,13,0.20358975350080327,0.20358975350080327,722.96,True
random,12,14,0.19292121966222656,0.19292121966222656,887.97,True
random,12,15,0.4244928990555924,0.19292121966222656,914.14,True
random,12,16,0.34468549100001966,0.19292121966222656,947.12,True
random,12,17,0.1965648017524017,0.19292121966222656,1116.6,True
random,12,18,,0.19292121966222656,1150.94,False
random,12,19,0.29790225779080415,0.19292121966222656,1191.39,True
random,12,20,,0.19292121966222656,1204.19,False
random,12,21,0.6247852878521076,0.19292121966222656,1247.77,True
random,12,22,0.25649229164798176,0.19292121966222656,1342.53,True
random,12,23,0.19369624915392455,0.19292121966222656,1384.59,True
random,12,24,,0.19292121966222656,1395.33,False
random,12,25,0.18831133832012645,0.18831133832012645,1561.36,True
random,12,26,0.3441996614943718,0.18831133832012645,1592.8,True
random,12,27,0.1764008209865632,0.1764008209865632,1752.83,True
random,12,28,0.18616951971023157,0.1764008209865632,1912.81,True
random,12,29,0.41727820110029057,0.1764008209865632,2088.45,True
random,12,30,,0.1764008209865632,2095.94,False
random,12,31,0.1727090953347652,0.1727090953347652,2231.92,True
random,12,32,0.6055293257654788,0.1727090953347652,2282.48,True
random,12,33,,0.1727090953347652,2318.06,False
random,12,34,,0.1727090953347652,2356.45,False
random,12,35,0.20562729564804297,0.1727090953347652,2511.09,True
random,13,1,,,12.09,False
random,13,2,,,20.35,False
random,13,3,0.44727382375509944,0.44727382375509944,62.7,True
random,13,4,,0.44727382375509944,69.22,False
random,13,5,0.4577162745031951,0.44727382375509944,119.64,True
random,13,6,0.45396437073585777,0.44727382375509944,215.82,True
random,13,7,0.6099704381073986,0.44727382375509944,275.36,True
random,13,8,0.5183792698129974,0.44727382375509944,354.0,True
random,13,9,0.4192026845207852,0.4192026845207852,429.11,True
random,13,10,0.8302525264977069,0.4192026845207852,458.58,True
random,13,11,,0.4192026845207852,478.17,False
random,13,12,0.493299673405099,0.4192026845207852,600.1,True
random,13,13,,0.4192026845207852,605.47,False
random,13,14,0.44944844190775596,0.4192026845207852,637.59,True
random,13,15,0.36718916413902725,0.36718916413902725,754.72,True
random,13,16,0.34223901919899735,0.34223901919899735,874.26,True
random,13,17,0.7930867954476412,0.34223901919899735,1087.09,True
random,13,18,,0.34223901919899735,1108.07,False
random,13,19,0.44532679599897385,0.34223901919899735,1217.04,True
random,13,20,0.5522937802982673,0.34223901919899735,1300.74,True
random,13,21,0.49201526343497837,0.34223901919899735,1405.28,True
random,13,22,0.44285473267293973,0.34223901919899735,1489.82,True
random,13,23,0.28486017055570995,0.28486017055570995,1643.71,True
random,13,24,0.25773891107984714,0.25773891107984714,1800.02,True
random,13,25,,0.25773891107984714,1845.56,False
random,13,26,0.2640796528092915,0.25773891107984714,1997.73,True
random,13,27,0.3533298301365365,0.25773891107984714,2159.79,True
random,13,28,0.3186469104141436,0.25773891107984714,2321.16,True
random,13,29,0.24377342051907316,0.24377342051907316,2477.85,True
random,13,30,0.33686374585480977,0.24377342051907316,2647.13,True
random,13,31,0.24588017525683012,0.24377342051907316,2793.6,True
random,13,32,0.4324910642544699,0.24377342051907316,2963.35,True
random,13,33,0.24280328566518858,0.24280328566518858,3088.52,True
random,13,34,0.3136633531896597,0.24280328566518858,3196.24,True
random,13,35,0.4289538197917116,0.24280328566518858,3238.57,True
random,14,1,0.5940527321487625,0.5940527321487625,31.4,True
random,14,2,0.3992243757634412,0.3992243757634412,138.13,True
random,14,3,,0.3992243757634412,165.53,False
random,14,4,0.4947284384407104,0.3992243757634412,268.17,True
random,14,5,0.5254516134719407,0.3992243757634412,325.2,True
random,14,6,,0.3992243757634412,366.25,False
random,14,7,0.8726135157588912,0.3992243757634412,427.58,True
random,14,8,0.47530640290945747,0.3992243757634412,498.04,True
random,14,9,0.5709986471823207,0.3992243757634412,566.48,True
random,14,10,0.355042690915155,0.355042690915155,693.36,True
random,14,11,0.3297942742162997,0.3297942742162997,829.66,True
random,14,12,0.36666163652938605,0.3297942742162997,956.14,True
random,14,13,0.4969459715144147,0.3297942742162997,1064.81,True
random,14,14,0.5321699811463365,0.3297942742162997,1095.49,True
random,14,15,0.3226082258662078,0.3226082258662078,1238.5,True
random,14,16,0.34875409220570325,0.3226082258662078,1429.35,True
random,14,17,0.18971800918921028,0.18971800918921028,1597.45,True
random,14,18,0.18599902192491066,0.18599902192491066,1787.64,True
random,14,19,0.22620994207764963,0.18599902192491066,1996.83,True
random,14,20,,0.18599902192491066,2008.67,False
random,14,21,0.18914636470895035,0.18599902192491066,2187.29,True
random,14,22,0.20060927815489565,0.18599902192491066,2220.08,True
random,14,23,0.1925409349951889,0.18599902192491066,2253.44,True
random,14,24,0.19328721622038814,0.18599902192491066,2438.15,True
random,14,25,,0.18599902192491066,2468.86,False
random,14,26,0.5803096332204852,0.18599902192491066,2545.25,True
random,14,27,,0.18599902192491066,2595.48,False
random,14,28,0.20343294624705366,0.18599902192491066,2783.76,True
random,14,29,0.21853132012715107,0.18599902192491066,2949.76,True
random,14,30,0.45060966896909854,0.18599902192491066,3071.15,True
random,14,31,,0.18599902192491066,3084.93,False
random,14,32,0.7951349260052252,0.18599902192491066,3173.55,True
random,14,33,0.21103119821062005,0.18599902192491066,3206.31,True
random,14,34,0.634862220933579,0.18599902192491066,3256.74,True
random,14,35,0.19838812150589552,0.18599902192491066,3436.13,True
random,15,1,0.6070091762254193,0.6070091762254193,101.07,True
random,15,2,1.0965865724786998,0.6070091762254193,166.11,True
random,15,3,0.8299887470190944,0.6070091762254193,213.74,True
random,15,4,0.566146051244702,0.566146051244702,269.0,True
random,15,5,0.5224387516984353,0.5224387516984353,352.72,True
random,15,6,0.485820666866464,0.485820666866464,411.87,True
random,15,7,0.5850710830246054,0.485820666866464,491.37,True
random,15,8,0.45394515739699737,0.45394515739699737,534.51,True
random,15,9,0.44850504331960805,0.44850504331960805,552.2,True
random,15,10,0.33553390772862973,0.33553390772862973,583.5,True
random,15,11,0.35642201249346395,0.33553390772862973,607.85,True
random,15,12,0.497360314229433,0.33553390772862973,704.89,True
random,15,13,0.44853497882277615,0.33553390772862973,749.94,True
random,15,14,0.4409542129977093,0.33553390772862973,885.82,True
random,15,15,0.5271537257264007,0.33553390772862973,921.93,True
random,15,16,0.7139349470209986,0.33553390772862973,933.99,True
random,15,17,0.2575393724319441,0.2575393724319441,966.6,True
random,15,18,0.4708994453660729,0.2575393724319441,986.61,True
random,15,19,,0.2575393724319441,1015.72,False
random,15,20,0.25845764794490916,0.2575393724319441,1051.91,True
random,15,21,0.4076597058860099,0.2575393724319441,1100.42,True
random,15,22,0.46971999923872887,0.2575393724319441,1190.53,True
random,15,23,0.36003588466519476,0.2575393724319441,1207.59,True
random,15,24,0.28364189889687386,0.2575393724319441,1240.81,True
random,15,25,0.3155355407401989,0.2575393724319441,1368.51,True
random,15,26,0.3379774312057318,0.2575393724319441,1419.85,True
random,15,27,0.24066654255231598,0.24066654255231598,1446.95,True
random,15,28,0.21902263545464806,0.21902263545464806,1473.55,True
random,15,29,0.2472338843714612,0.21902263545464806,1499.67,True
random,15,30,,0.21902263545464806,1503.09,False
random,15,31,0.5957233326669928,0.21902263545464806,1547.34,True
random,15,32,0.4515384127766874,0.21902263545464806,1563.82,True
random,15,33,,0.21902263545464806,1573.21,False
random,15,34,0.256639504130937,0.21902263545464806,1729.34,True
random,15,35,0.6027728587803043,0.21902263545464806,1749.61,True
random,16,1,0.28209409253934414,0.28209409253934414,164.75,True
random,16,2,0.685507133178342,0.28209409253934414,232.8,True
random,16,3,0.621995535255026,0.28209409253934414,274.91,True
random,16,4,0.44588585045636764,0.28209409253934414,383.49,True
random,16,5,0.17688866064588255,0.17688866064588255,542.4,True
random,16,6,0.4991991472030679,0.17688866064588255,633.93,True
random,16,7,0.2743030025598451,0.17688866064588255,751.3,True
random,16,8,0.61079115482703,0.17688866064588255,821.57,True
random,16,9,0.45597377690160507,0.17688866064588255,852.75,True
random,16,10,0.20096028272512603,0.17688866064588255,1020.84,True
random,16,11,0.2891744720409075,0.17688866064588255,1146.43,True
random,16,12,0.48169208569720473,0.17688866064588255,1177.97,True
random,16,13,0.5667385114762469,0.17688866064588255,1337.23,True
random,16,14,0.19570055742798576,0.17688866064588255,1499.94,True
random,16,15,0.3453645776804882,0.17688866064588255,1634.17,True
random,16,16,,0.17688866064588255,1663.29,False
random,16,17,0.1492607631875078,0.1492607631875078,1771.83,True
random,16,18,0.1494111775328965,0.1492607631875078,1836.19,True
random,16,19,0.15017058434900482,0.1492607631875078,1926.01,True
random,16,20,0.4016308486962046,0.1492607631875078,2027.12,True
random,16,21,,0.1492607631875078,2041.93,False
random,16,22,0.34232989233920347,0.1492607631875078,2105.18,True
random,16,23,0.36467801276059986,0.1492607631875078,2216.27,True
random,16,24,0.1719609663733576,0.1492607631875078,2366.97,True
random,16,25,0.14768686200179304,0.14768686200179304,2426.44,True
random,16,26,0.3688085329842191,0.14768686200179304,2468.15,True
random,16,27,0.17154517719187665,0.14768686200179304,2534.71,True
random,16,28,0.6360723936370042,0.14768686200179304,2617.14,True
random,16,29,0.1447199503590042,0.1447199503590042,2681.07,True
random,16,30,0.2835196313715154,0.1447199503590042,2812.24,True
random,16,31,0.16647179512246774,0.1447199503590042,2955.68,True
random,16,32,0.1438404076896216,0.1438404076896216,2997.35,True
random,16,33,,0.1438404076896216,3024.2,False
random,16,34,0.5023984486487314,0.1438404076896216,3194.99,True
random,16,35,0.14671629911372522,0.1438404076896216,3372.87,True
random,17,1,0.7855064984628203,0.7855064984628203,31.15,True
random,17,2,0.4651784495852038,0.4651784495852038,63.96,True
random,17,3,0.5309392129155498,0.4651784495852038,116.02,True
random,17,4,0.3196425907619983,0.3196425907619983,151.81,True
random,17,5,0.3496185023038343,0.3196425907619983,198.67,True
random,17,6,0.5142052758998852,0.3196425907619983,223.67,True
random,17,7,0.41511991755171945,0.3196425907619983,288.24,True
random,17,8,0.6239060959598585,0.3196425907619983,423.15,True
random,17,9,0.29474933581247276,0.29474933581247276,449.3,True
random,17,10,0.2880577356152484,0.2880577356152484,486.1,True
random,17,11,0.7373507022507179,0.2880577356152484,527.01,True
random,17,12,,0.2880577356152484,586.12,False
random,17,13,0.33537494631041675,0.2880577356152484,612.67,True
random,17,14,0.200343584488118,0.200343584488118,642.15,True
random,17,15,0.17669712936000917,0.17669712936000917,673.33,True
random,17,16,0.2241561616384994,0.17669712936000917,707.39,True
random,17,17,0.3105037226660814,0.17669712936000917,747.54,True
random,17,18,0.18262846449936018,0.17669712936000917,779.72,True
random,17,19,0.6173661932947032,0.17669712936000917,848.09,True
random,17,20,0.28240916768658725,0.17669712936000917,879.06,True
random,17,21,0.16880935905900257,0.16880935905900257,908.52,True
random,17,22,0.3215826433657814,0.16880935905900257,946.89,True
random,17,23,0.3801308815829472,0.16880935905900257,983.46,True
random,17,24,,0.16880935905900257,989.98,False
random,17,25,0.20751968009519328,0.16880935905900257,1020.96,True
random,17,26,0.31106260818811643,0.16880935905900257,1073.03,True
random,17,27,0.18263171120436766,0.16880935905900257,1098.06,True
random,17,28,0.1631617177805114,0.1631617177805114,1127.21,True
random,17,29,0.16151700585711404,0.16151700585711404,1155.4,True
random,17,30,0.19200328213420215,0.16151700585711404,1185.58,True
random,17,31,,0.16151700585711404,1193.68,False
random,17,32,0.18860664881746841,0.16151700585711404,1232.11,True
random,17,33,0.32114965010129093,0.16151700585711404,1272.48,True
random,17,34,0.18107343341031787,0.16151700585711404,1300.27,True
random,17,35,0.2701955292596946,0.16151700585711404,1328.76,True
random,18,1,0.7106637597199752,0.7106637597199752,40.12,True
random,18,2,0.7718546067430677,0.7106637597199752,179.79,True
random,18,3,0.42005804858827733,0.42005804858827733,256.21,True
random,18,4,0.38601507078183067,0.38601507078183067,351.16,True
random,18,5,,0.38601507078183067,355.7,False
random,18,6,0.5494750560454055,0.38601507078183067,393.08,True
random,18,7,,0.38601507078183067,397.4,False
random,18,8,0.5383227974327014,0.38601507078183067,457.06,True
random,18,9,0.8551041679009077,0.38601507078183067,498.42,True
random,18,10,0.5383482226991952,0.38601507078183067,560.39,True
random,18,11,,0.38601507078183067,583.94,False
random,18,12,0.5304778584041161,0.38601507078183067,750.67,True
random,18,13,0.6776479753416288,0.38601507078183067,814.12,True
random,18,14,0.707810861008332,0.38601507078183067,846.63,True
random,18,15,0.46740793964354177,0.38601507078183067,919.96,True
random,18,16,0.4474238783703512,0.38601507078183067,979.13,True
random,18,17,0.6122097351235656,0.38601507078183067,1124.12,True
random,18,18,,0.38601507078183067,1149.5,False
random,18,19,0.34098681416850435,0.34098681416850435,1245.57,True
random,18,20,0.6466392288697606,0.34098681416850435,1325.49,True
random,18,21,0.6293220345420044,0.34098681416850435,1386.83,True
random,18,22,0.42851660375680967,0.34098681416850435,1473.73,True
random,18,23,,0.34098681416850435,1477.15,False
random,18,24,0.3127961778723663,0.3127961778723663,1576.69,True
random,18,25,0.2979224836045826,0.2979224836045826,1679.39,True
random,18,26,,0.2979224836045826,1690.95,False
random,18,27,0.23471141351103322,0.23471141351103322,1821.95,True
random,18,28,,0.23471141351103322,1837.43,False
random,18,29,0.21211474674942865,0.21211474674942865,1970.46,True
random,18,30,0.2266824994857101,0.21211474674942865,2047.9,True
random,18,31,0.1662966771103188,0.1662966771103188,2155.8,True
random,18,32,0.22822580614347285,0.1662966771103188,2191.41,True
random,18,33,0.17252300767589254,0.1662966771103188,2380.59,True
random,18,34,0.17468694675682844,0.1662966771103188,2414.11,True
random,18,35,0.21997613679159073,0.1662966771103188,2449.19,True
random,19,1,0.24176259839281689,0.24176259839281689,73.96,True
random,19,2,0.6494325894430546,0.24176259839281689,169.26,True
random,19,3,0.5701090719342526,0.24176259839281689,200.89,True
random,19,4,0.3788039096633425,0.24176259839281689,234.63,True
random,19,5,0.35388058006754,0.24176259839281689,258.68,True
random,19,6,,0.24176259839281689,273.12,False
random,19,7,0.5459595753375858,0.24176259839281689,304.42,True
random,19,8,0.27243879538540217,0.24176259839281689,339.43,True
random,19,9,0.4031827086619457,0.24176259839281689,446.63,True
random,19,10,,0.24176259839281689,455.02,False
random,19,11,0.27190681863371224,0.24176259839281689,486.66,True
random,19,12,0.39515032713063913,0.24176259839281689,511.22,True
random,19,13,0.22841662446946492,0.22841662446946492,545.96,True
random,19,14,0.7705828774393498,0.22841662446946492,556.11,True
random,19,15,0.18304788670007346,0.18304788670007346,580.27,True
random,19,16,0.19123447890173437,0.18304788670007346,606.6,True
random,19,17,0.26671147164011877,0.18304788670007346,630.85,True
random,19,18,,0.18304788670007346,642.48,False
random,19,19,0.15640633619258543,0.15640633619258543,673.08,True
random,19,20,,0.15640633619258543,700.08,False
random,19,21,0.1835569220474966,0.15640633619258543,723.67,True
random,19,22,0.40387010881784513,0.15640633619258543,820.52,True
random,19,23,0.13818203084288172,0.13818203084288172,858.9,True
random,19,24,0.15407706210014638,0.13818203084288172,914.98,True
random,19,25,0.16068042386521036,0.13818203084288172,947.82,True
random,19,26,0.27961550128659574,0.13818203084288172,988.97,True
random,19,27,0.2251364490271293,0.13818203084288172,1036.37,True
random,19,28,0.16441350936823618,0.13818203084288172,1115.27,True
random,19,29,0.16214422045119098,0.13818203084288172,1140.52,True
random,19,30,0.13752129997275384,0.13752129997275384,1201.49,True
random,19,31,,0.13752129997275384,1205.82,False
random,19,32,0.16551444707824037,0.13752129997275384,1228.07,True
random,19,33,0.3119149978962298,0.13752129997275384,1263.73,True
random,19,34,0.20328241739863065,0.13752129997275384,1387.72,True
random,19,35,0.2268611199123561,0.13752129997275384,1408.81,True
llm,0,1,0.23057624931280626,0.23057624931280626,57.59,True
llm,0,2,0.3296783365524841,0.23057624931280626,110.16,True
llm,0,3,0.4420770082523713,0.23057624931280626,179.38,True
llm,0,4,0.5662245058235472,0.23057624931280626,201.31,True
llm,0,5,0.9637835835571603,0.23057624931280626,251.13,True
llm,0,6,0.6062045949501936,0.23057624931280626,307.15,True
llm,0,7,,0.23057624931280626,312.1,False
llm,0,8,0.2179563592323268,0.2179563592323268,383.19,True
llm,0,9,0.6298906498835551,0.2179563592323268,411.71,True
llm,0,10,0.5284090267178416,0.2179563592323268,507.05,True
llm,0,11,,0.2179563592323268,514.3,False
llm,0,12,0.3021876842553016,0.2179563592323268,576.32,True
llm,0,13,0.2161569264955601,0.2161569264955601,644.09,True
llm,0,14,,0.2161569264955601,646.69,False
llm,0,15,0.1924270065729077,0.1924270065729077,711.13,True
llm,0,16,0.20890886570932563,0.1924270065729077,765.8,True
llm,0,17,,0.1924270065729077,793.08,False
llm,0,18,0.2961163333131761,0.1924270065729077,874.06,True
llm,0,19,0.40655140474752627,0.1924270065729077,983.11,True
llm,0,20,0.16268401905683527,0.16268401905683527,1050.69,True
llm,0,21,0.6912672874172344,0.16268401905683527,1103.54,True
llm,0,22,0.17984148953051768,0.16268401905683527,1169.38,True
llm,0,23,0.234036000401551,0.16268401905683527,1276.85,True
llm,0,24,0.2244406455481239,0.16268401905683527,1316.0,True
llm,0,25,0.5302053314475199,0.16268401905683527,1349.85,True
llm,0,26,0.1756764479372782,0.16268401905683527,1414.46,True
llm,0,27,0.20803301309275254,0.16268401905683527,1537.85,True
llm,0,28,0.20850142812934574,0.16268401905683527,1597.34,True
llm,0,29,0.2855731624696024,0.16268401905683527,1698.77,True
llm,0,30,1.0094195001410255,0.16268401905683527,1712.94,True
llm,0,31,0.4555716470036377,0.16268401905683527,1764.64,True
llm,0,32,0.5423359017812682,0.16268401905683527,1782.71,True
llm,0,33,0.22772594219610445,0.16268401905683527,1860.51,True
llm,0,34,0.24899713354340355,0.16268401905683527,1912.13,True
llm,0,35,0.41799098066859036,0.16268401905683527,1975.64,True
llm,1,1,0.22637389745404765,0.22637389745404765,58.97,True
llm,1,2,0.47603911715838937,0.22637389745404765,147.84,True
llm,1,3,0.629645309157167,0.22637389745404765,179.26,True
llm,1,4,0.5548574068167339,0.22637389745404765,249.86,True
llm,1,5,0.49032853068284393,0.22637389745404765,303.67,True
llm,1,6,0.6329757649830854,0.22637389745404765,362.73,True
llm,1,7,0.5583781432368692,0.22637389745404765,406.48,True
llm,1,8,0.4260643317843285,0.22637389745404765,486.86,True
llm,1,9,0.3291846380580287,0.22637389745404765,562.52,True
llm,1,10,0.519738442207335,0.22637389745404765,687.54,True
llm,1,11,0.4152291387068766,0.22637389745404765,709.25,True
llm,1,12,0.27510433845548726,0.22637389745404765,846.86,True
llm,1,13,0.20521225863804599,0.20521225863804599,882.01,True
llm,1,14,0.5641045006783472,0.20521225863804599,938.38,True
llm,1,15,0.48040712221416365,0.20521225863804599,1012.7,True
llm,1,16,0.41789714693102137,0.20521225863804599,1186.5,True
llm,1,17,0.17009982575070562,0.17009982575070562,1221.22,True
llm,1,18,,0.17009982575070562,1230.64,False
llm,1,19,0.21192928170976397,0.17009982575070562,1268.74,True
llm,1,20,0.16278114423481585,0.16278114423481585,1332.24,True
llm,1,21,0.4062004743694314,0.16278114423481585,1417.05,True
llm,1,22,0.223406687146416,0.16278114423481585,1467.11,True
llm,1,23,0.29422641705307057,0.16278114423481585,1502.97,True
llm,1,24,0.16493883639033394,0.16278114423481585,1536.6,True
llm,1,25,0.16380364034193742,0.16278114423481585,1708.29,True
llm,1,26,,0.16278114423481585,1742.47,False
llm,1,27,0.16901733648079376,0.16278114423481585,1831.24,True
llm,1,28,0.42856573367352807,0.16278114423481585,1862.19,True
llm,1,29,0.1714041349382823,0.16278114423481585,1916.59,True
llm,1,30,0.5877940218705094,0.16278114423481585,1989.84,True
llm,1,31,,0.16278114423481585,2002.44,False
llm,1,32,0.16730846577983252,0.16278114423481585,2063.25,True
llm,1,33,0.995382833687219,0.16278114423481585,2106.62,True
llm,1,34,0.8460711557939531,0.16278114423481585,2240.67,True
llm,1,35,0.1826642058272653,0.16278114423481585,2361.49,True
llm,2,1,0.2774288042546229,0.2774288042546229,61.87,True
llm,2,2,0.46220394945103144,0.2774288042546229,117.75,True
llm,2,3,0.5665209606102566,0.2774288042546229,184.74,True
llm,2,4,0.654294106316348,0.2774288042546229,235.93,True
llm,2,5,0.5827346460020886,0.2774288042546229,279.73,True
llm,2,6,0.49698888659147195,0.2774288042546229,319.64,True
llm,2,7,0.3935674594888976,0.2774288042546229,438.45,True
llm,2,8,0.7768584547619971,0.2774288042546229,460.09,True
llm,2,9,1.01018790672927,0.2774288042546229,510.0,True
llm,2,10,0.6624179069690335,0.2774288042546229,558.73,True
llm,2,11,0.34780970607662653,0.2774288042546229,598.92,True
llm,2,12,0.3664306006569777,0.2774288042546229,632.17,True
llm,2,13,0.2344152366340825,0.2344152366340825,695.93,True
llm,2,14,0.3029110187502933,0.2344152366340825,776.71,True
llm,2,15,0.44732343976637795,0.2344152366340825,830.04,True
llm,2,16,0.5162645345715333,0.2344152366340825,847.27,True
llm,2,17,0.7577345196659531,0.2344152366340825,899.61,True
llm,2,18,0.2308664669121803,0.2308664669121803,1037.88,True
llm,2,19,0.22567298563290816,0.22567298563290816,1108.22,True
llm,2,20,0.2935271190213369,0.22567298563290816,1156.83,True
llm,2,21,0.6025324040908269,0.22567298563290816,1214.74,True
llm,2,22,0.6021956107932468,0.22567298563290816,1255.37,True
llm,2,23,0.4740899255883483,0.22567298563290816,1287.44,True
llm,2,24,0.2524599248783751,0.22567298563290816,1361.5,True
llm,2,25,0.44169541974137594,0.22567298563290816,1397.89,True
llm,2,26,0.5196209677812799,0.22567298563290816,1451.52,True
llm,2,27,0.4043360061338162,0.22567298563290816,1512.25,True
llm,2,28,0.2452707246988154,0.22567298563290816,1636.29,True
llm,2,29,0.35389549685470345,0.22567298563290816,1678.58,True
llm,2,30,0.22030902256963236,0.22030902256963236,1718.29,True
llm,2,31,,0.22030902256963236,1728.23,False
llm,2,32,0.20424329243989223,0.20424329243989223,1790.86,True
llm,2,33,0.24298367097351548,0.20424329243989223,1854.83,True
llm,2,34,0.2940775962846214,0.20424329243989223,1970.56,True
llm,2,35,0.23942435059593056,0.20424329243989223,2029.1,True
llm,3,1,0.3141380238210479,0.3141380238210479,75.64,True
llm,3,2,0.5488316687216819,0.3141380238210479,150.27,True
llm,3,3,0.7786679715347369,0.3141380238210479,204.88,True
llm,3,4,0.2908763116496832,0.2908763116496832,312.11,True
llm,3,5,0.4214351905825795,0.2908763116496832,342.34,True
llm,3,6,0.58274982296381,0.2908763116496832,375.49,True
llm,3,7,0.3428915561177534,0.2908763116496832,505.94,True
llm,3,8,0.399977575695054,0.2908763116496832,538.2,True
llm,3,9,0.5729886183407006,0.2908763116496832,672.77,True
llm,3,10,,0.2908763116496832,690.56,False
llm,3,11,,0.2908763116496832,693.02,False
llm,3,12,0.7532725956008677,0.2908763116496832,712.6,True
llm,3,13,0.25926082877343193,0.25926082877343193,804.9,True
llm,3,14,0.3015291447007172,0.25926082877343193,899.28,True
llm,3,15,0.38853957242652754,0.25926082877343193,1043.02,True
llm,3,16,0.7386635131193877,0.25926082877343193,1098.12,True
llm,3,17,0.3302623160428439,0.25926082877343193,1254.49,True
llm,3,18,0.2782933835541435,0.25926082877343193,1353.82,True
llm,3,19,0.34051918548673804,0.25926082877343193,1423.94,True
llm,3,20,,0.25926082877343193,1442.5,False
llm,3,21,0.2342321936579959,0.2342321936579959,1547.39,True
llm,3,22,0.20415648278411366,0.20415648278411366,1650.58,True
llm,3,23,0.23099396689245494,0.20415648278411366,1737.38,True
llm,3,24,,0.20415648278411366,1746.16,False
llm,3,25,0.16880971296667427,0.16880971296667427,1830.87,True
llm,3,26,0.4344393755820488,0.16880971296667427,1879.64,True
llm,3,27,0.6496596734619443,0.16880971296667427,1893.87,True
llm,3,28,0.2498689184895314,0.16880971296667427,1967.82,True
llm,3,29,0.17068624181009975,0.16880971296667427,2002.58,True
llm,3,30,0.1388593872195068,0.1388593872195068,2043.54,True
llm,3,31,0.14104732552064525,0.1388593872195068,2076.97,True
llm,3,32,0.1666278014251935,0.1388593872195068,2112.1,True
llm,3,33,0.651324056496172,0.1388593872195068,2125.82,True
llm,3,34,0.1412895114239067,0.1388593872195068,2158.37,True
llm,3,35,0.16511879222334974,0.1388593872195068,2344.27,True
llm,4,1,0.23220559331081111,0.23220559331081111,53.44,True
llm,4,2,0.5222556605029847,0.23220559331081111,103.25,True
llm,4,3,0.5325867322024623,0.23220559331081111,153.22,True
llm,4,4,0.4145135745621173,0.23220559331081111,219.15,True
llm,4,5,0.5509034077128638,0.23220559331081111,268.18,True
llm,4,6,0.6326042861123136,0.23220559331081111,310.02,True
llm,4,7,0.5920085027549348,0.23220559331081111,376.98,True
llm,4,8,0.7402149314987869,0.23220559331081111,466.58,True
llm,4,9,,0.23220559331081111,476.67,False
llm,4,10,0.4540525846657602,0.23220559331081111,498.86,True
llm,4,11,0.4486576024696301,0.23220559331081111,544.16,True
llm,4,12,0.5810689122316312,0.23220559331081111,574.13,True
llm,4,13,0.5085471866743606,0.23220559331081111,618.69,True
llm,4,14,,0.23220559331081111,623.9,False
llm,4,15,,0.23220559331081111,629.97,False
llm,4,16,0.2981158749242551,0.23220559331081111,703.22,True
llm,4,17,0.4552948484721094,0.23220559331081111,787.88,True
llm,4,18,0.34090779626112766,0.23220559331081111,859.72,True
llm,4,19,0.5698207280492952,0.23220559331081111,906.18,True
llm,4,20,0.3179703174946063,0.23220559331081111,930.85,True
llm,4,21,0.24864845810255412,0.23220559331081111,1072.81,True
llm,4,22,0.2538282202816307,0.23220559331081111,1158.42,True
llm,4,23,0.2910411442227545,0.23220559331081111,1223.17,True
llm,4,24,0.29243523731506277,0.23220559331081111,1304.33,True
llm,4,25,0.2017484983852816,0.2017484983852816,1341.69,True
llm,4,26,0.20425790590916199,0.2017484983852816,1378.0,True
llm,4,27,0.38697103653303627,0.2017484983852816,1492.59,True
llm,4,28,0.2801458669517551,0.2017484983852816,1655.1,True
llm,4,29,0.34137223842825665,0.2017484983852816,1756.79,True
llm,4,30,0.26146303361926443,0.2017484983852816,1875.86,True
llm,4,31,0.20075639963596276,0.20075639963596276,1933.25,True
llm,4,32,0.30451779964788317,0.20075639963596276,2107.84,True
llm,4,33,0.4604235425196776,0.20075639963596276,2176.02,True
llm,4,34,0.2727175678327131,0.20075639963596276,2261.96,True
llm,4,35,0.42311863150078793,0.20075639963596276,2332.48,True
llm,5,1,0.26366915828134546,0.26366915828134546,45.48,True
llm,5,2,0.4825694812750128,0.26366915828134546,122.75,True
llm,5,3,0.6869555840322954,0.26366915828134546,173.46,True
llm,5,4,0.5445512328688167,0.26366915828134546,212.27,True
llm,5,5,0.6053012307918997,0.26366915828134546,291.0,True
llm,5,6,0.5497328782416432,0.26366915828134546,352.65,True
llm,5,7,0.34152021108447644,0.26366915828134546,414.87,True
llm,5,8,0.6500391145848922,0.26366915828134546,436.55,True
llm,5,9,,0.26366915828134546,449.21,False
llm,5,10,0.4033757468116931,0.26366915828134546,473.72,True
llm,5,11,0.28072293477859966,0.26366915828134546,520.74,True
llm,5,12,1.1013827408966148,0.26366915828134546,560.39,True
llm,5,13,0.21527931277948748,0.21527931277948748,596.55,True
llm,5,14,0.20009596017880318,0.20009596017880318,627.96,True
llm,5,15,0.6933713901001072,0.20009596017880318,662.36,True
llm,5,16,0.25703784031641047,0.20009596017880318,689.0,True
llm,5,17,0.21515814786694165,0.20009596017880318,719.75,True
llm,5,18,0.5607706883332237,0.20009596017880318,870.01,True
llm,5,19,0.20021632752766147,0.20009596017880318,1018.83,True
llm,5,20,0.35536295760507586,0.20009596017880318,1053.92,True
llm,5,21,,0.20009596017880318,1064.78,False
llm,5,22,,0.20009596017880318,1076.08,False
llm,5,23,,0.20009596017880318,1122.35,False
llm,5,24,0.4051846077819805,0.20009596017880318,1170.15,True
llm,5,25,0.21173885577327853,0.20009596017880318,1321.15,True
llm,5,26,0.20639038099033938,0.20009596017880318,1347.67,True
llm,5,27,,0.20009596017880318,1391.18,False
llm,5,28,0.24313656648438375,0.20009596017880318,1416.09,True
llm,5,29,0.2129149756548289,0.20009596017880318,1454.42,True
llm,5,30,0.2285807649057184,0.20009596017880318,1491.18,True
llm,5,31,0.2424614624607036,0.20009596017880318,1595.47,True
llm,5,32,0.33730029547277973,0.20009596017880318,1643.44,True
llm,5,33,,0.20009596017880318,1646.36,False
llm,5,34,0.2037594658069964,0.20009596017880318,1672.77,True
llm,5,35,0.2533599917057244,0.20009596017880318,1702.6,True
llm,6,1,0.3208172551095254,0.3208172551095254,55.82,True
llm,6,2,0.31215635677710163,0.31215635677710163,107.53,True
llm,6,3,0.47474523980449174,0.31215635677710163,134.71,True
llm,6,4,0.618781698998189,0.31215635677710163,190.87,True
llm,6,5,0.6968739624783894,0.31215635677710163,261.08,True
llm,6,6,1.0126788129505087,0.31215635677710163,315.31,True
llm,6,7,0.4700575743615911,0.31215635677710163,371.19,True
llm,6,8,0.6229600123000983,0.31215635677710163,383.59,True
llm,6,9,,0.31215635677710163,391.15,False
llm,6,10,0.6412860870563303,0.31215635677710163,418.57,True
llm,6,11,0.16585942582551608,0.16585942582551608,463.92,True
llm,6,12,0.24452315709624117,0.16585942582551608,506.24,True
llm,6,13,0.9455146281528842,0.16585942582551608,522.15,True
llm,6,14,0.23090191054233206,0.16585942582551608,560.35,True
llm,6,15,0.292187122041775,0.16585942582551608,694.61,True
llm,6,16,0.20326990045075485,0.16585942582551608,736.75,True
llm,6,17,,0.16585942582551608,765.1,False
llm,6,18,,0.16585942582551608,768.37,False
llm,6,19,0.43997611843755646,0.16585942582551608,860.23,True
llm,6,20,0.3646848723641001,0.16585942582551608,901.58,True
llm,6,21,0.16197647610040025,0.16197647610040025,946.38,True
llm,6,22,0.19040459181683958,0.16197647610040025,1086.72,True
llm,6,23,0.2468476964054109,0.16197647610040025,1113.22,True
llm,6,24,0.1910590986585827,0.16197647610040025,1137.47,True
llm,6,25,0.17297989938701494,0.16197647610040025,1181.66,True
llm,6,26,0.2208477597424616,0.16197647610040025,1208.17,True
llm,6,27,0.23340788334699383,0.16197647610040025,1347.95,True
llm,6,28,0.16701107620603095,0.16197647610040025,1402.04,True
llm,6,29,0.33224341071474506,0.16197647610040025,1552.37,True
llm,6,30,0.15625585454197502,0.15625585454197502,1600.56,True
llm,6,31,0.2358948761598507,0.15625585454197502,1732.63,True
llm,6,32,0.17042885835148716,0.15625585454197502,1781.71,True
llm,6,33,0.17337979044016413,0.15625585454197502,1829.36,True
llm,6,34,0.2110048512947034,0.15625585454197502,1954.72,True
llm,6,35,0.19045297407697617,0.15625585454197502,2078.76,True
llm,7,1,0.26247995118328904,0.26247995118328904,69.58,True
llm,7,2,0.7379403702766378,0.26247995118328904,122.69,True
llm,7,3,0.5197894605454779,0.26247995118328904,163.18,True
llm,7,4,0.3435073648961983,0.26247995118328904,218.44,True
llm,7,5,0.5975560385553239,0.26247995118328904,289.68,True
llm,7,6,,0.26247995118328904,301.14,False
llm,7,7,0.5371092413918179,0.26247995118328904,367.64,True
llm,7,8,0.5865746088235732,0.26247995118328904,407.3,True
llm,7,9,0.6462851289145434,0.26247995118328904,458.09,True
llm,7,10,0.46262726079213756,0.26247995118328904,494.82,True
llm,7,11,,0.26247995118328904,530.09,False
llm,7,12,0.24629759036451598,0.24629759036451598,599.5,True
llm,7,13,0.674544963276635,0.24629759036451598,629.51,True
llm,7,14,0.4712204420327843,0.24629759036451598,713.8,True
llm,7,15,,0.24629759036451598,722.71,False
llm,7,16,,0.24629759036451598,734.15,False
llm,7,17,0.31056912484398813,0.24629759036451598,803.67,True
llm,7,18,0.23108504578347375,0.23108504578347375,868.75,True
llm,7,19,0.603245069758105,0.23108504578347375,881.46,True
llm,7,20,0.4962545618345953,0.23108504578347375,934.83,True
llm,7,21,0.21896157878540498,0.21896157878540498,1104.52,True
llm,7,22,0.23305736229161106,0.21896157878540498,1242.49,True
llm,7,23,0.7151755764464212,0.21896157878540498,1300.87,True
llm,7,24,0.22346127415379885,0.21896157878540498,1461.63,True
llm,7,25,0.25638712298804855,0.21896157878540498,1624.41,True
llm,7,26,0.2503753321205455,0.21896157878540498,1657.9,True
llm,7,27,0.29753805201929767,0.21896157878540498,1851.7,True
llm,7,28,0.216247411208697,0.216247411208697,2026.8,True
llm,7,29,0.2273883843520561,0.216247411208697,2057.33,True
llm,7,30,0.21945853097953252,0.216247411208697,2229.53,True
llm,7,31,0.42267497898600337,0.216247411208697,2331.61,True
llm,7,32,0.2502320416599041,0.216247411208697,2512.27,True
llm,7,33,0.21642603346688968,0.216247411208697,2669.3,True
llm,7,34,0.24934743377252433,0.216247411208697,2700.09,True
llm,7,35,0.25015640172467357,0.216247411208697,2733.8,True
llm,8,1,0.3458551907013438,0.3458551907013438,86.0,True
llm,8,2,0.44042762694149995,0.3458551907013438,178.81,True
llm,8,3,0.5526550654578908,0.3458551907013438,240.41,True
llm,8,4,0.8704917450028471,0.3458551907013438,316.77,True
llm,8,5,0.2589942181090407,0.2589942181090407,351.74,True
llm,8,6,0.43586443265964303,0.2589942181090407,449.03,True
llm,8,7,0.326638956903602,0.2589942181090407,532.22,True
llm,8,8,0.6833938821285666,0.2589942181090407,633.6,True
llm,8,9,0.39607484019302464,0.2589942181090407,650.14,True
llm,8,10,,0.2589942181090407,658.11,False
llm,8,11,0.42256845826585454,0.2589942181090407,722.44,True
llm,8,12,0.4849888034782899,0.2589942181090407,785.64,True
llm,8,13,,0.2589942181090407,802.61,False
llm,8,14,0.5652161450772665,0.2589942181090407,819.07,True
llm,8,15,0.4924282087198902,0.2589942181090407,901.83,True
llm,8,16,0.24474401173354535,0.24474401173354535,964.54,True
llm,8,17,,0.24474401173354535,966.56,False
llm,8,18,0.24322955092401008,0.24322955092401008,1019.04,True
llm,8,19,0.3845999439511476,0.24322955092401008,1181.92,True
llm,8,20,0.2962978020624892,0.24322955092401008,1221.01,True
llm,8,21,0.2651780467868368,0.24322955092401008,1248.27,True
llm,8,22,0.28724517380212283,0.24322955092401008,1406.63,True
llm,8,23,0.4768013399401464,0.24322955092401008,1453.34,True
llm,8,24,0.22702182869829565,0.22702182869829565,1482.62,True
llm,8,25,0.4258800148186433,0.22702182869829565,1498.64,True
llm,8,26,0.23046456385812986,0.22702182869829565,1528.8,True
llm,8,27,0.48269343356814276,0.22702182869829565,1585.72,True
llm,8,28,0.22676551672594183,0.22676551672594183,1614.79,True
llm,8,29,0.30316733843827237,0.22676551672594183,1657.92,True
llm,8,30,0.25944777486470727,0.22676551672594183,1705.38,True
llm,8,31,0.2561549781141011,0.22676551672594183,1739.89,True
llm,8,32,0.25247971069097475,0.22676551672594183,1799.91,True
llm,8,33,0.3040067972691102,0.22676551672594183,1828.19,True
llm,8,34,0.18634869677424648,0.18634869677424648,1875.62,True
llm,8,35,,0.18634869677424648,1888.01,False
llm,9,1,0.23396792545647763,0.23396792545647763,67.72,True
llm,9,2,0.34836709797051907,0.23396792545647763,195.16,True
llm,9,3,0.5299137899891317,0.23396792545647763,228.4,True
llm,9,4,0.40112304118517644,0.23396792545647763,300.69,True
llm,9,5,0.9932434496088886,0.23396792545647763,318.58,True
llm,9,6,0.6144680349271882,0.23396792545647763,381.31,True
llm,9,7,0.5794461514684547,0.23396792545647763,399.71,True
llm,9,8,,0.23396792545647763,404.71,False
llm,9,9,0.4564914813954607,0.23396792545647763,516.35,True
llm,9,10,0.7331087012213576,0.23396792545647763,567.61,True
llm,9,11,0.3661963332928099,0.23396792545647763,659.26,True
llm,9,12,0.7530179363954628,0.23396792545647763,692.52,True
llm,9,13,,0.23396792545647763,695.17,False
llm,9,14,0.36270178988099644,0.23396792545647763,739.65,True
llm,9,15,0.22080254709009592,0.22080254709009592,774.32,True
llm,9,16,0.2625712400421207,0.22080254709009592,805.42,True
llm,9,17,0.4945396508104978,0.22080254709009592,951.13,True
llm,9,18,0.913229900249379,0.22080254709009592,1003.39,True
llm,9,19,0.18429770493134476,0.18429770493134476,1048.8,True
llm,9,20,0.19142797480035634,0.18429770493134476,1132.42,True
llm,9,21,0.1601142938221496,0.1601142938221496,1182.76,True
llm,9,22,,0.1601142938221496,1197.95,False
llm,9,23,0.19360276795774334,0.1601142938221496,1328.28,True
llm,9,24,0.16758351887980244,0.1601142938221496,1358.14,True
llm,9,25,0.23154084436432154,0.1601142938221496,1390.61,True
llm,9,26,0.22260307378939045,0.1601142938221496,1421.11,True
llm,9,27,0.6067529804453562,0.1601142938221496,1587.33,True
llm,9,28,0.16258985965402717,0.1601142938221496,1636.25,True
llm,9,29,0.2402194424969356,0.1601142938221496,1686.16,True
llm,9,30,,0.1601142938221496,1687.95,False
llm,9,31,0.17484430956673103,0.1601142938221496,1716.75,True
llm,9,32,0.2947966890034146,0.1601142938221496,1739.58,True
llm,9,33,0.3953630922493621,0.1601142938221496,1770.0,True
llm,9,34,0.8862439708314511,0.1601142938221496,1852.31,True
llm,9,35,0.17089283826181512,0.1601142938221496,1881.43,True
llm,10,1,0.3655216636286907,0.3655216636286907,63.76,True
llm,10,2,0.2892281904945649,0.2892281904945649,103.86,True
llm,10,3,,0.2892281904945649,119.59,False
llm,10,4,0.6711438461555946,0.2892281904945649,140.63,True
llm,10,5,0.6406197509226,0.2892281904945649,225.34,True
llm,10,6,0.5120332281774231,0.2892281904945649,267.27,True
llm,10,7,0.450640092194585,0.2892281904945649,333.77,True
llm,10,8,,0.2892281904945649,340.98,False
llm,10,9,0.3861200688857945,0.2892281904945649,421.49,True
llm,10,10,0.6159816142366623,0.2892281904945649,446.4,True
llm,10,11,0.23294839993069302,0.23294839993069302,483.14,True
llm,10,12,0.271361935070833,0.23294839993069302,509.53,True
llm,10,13,0.5607623102871946,0.23294839993069302,615.56,True
llm,10,14,0.26969725459030064,0.23294839993069302,649.82,True
llm,10,15,0.2245531731401926,0.2245531731401926,687.81,True
llm,10,16,0.35258021516112004,0.2245531731401926,711.94,True
llm,10,17,0.1908365248696859,0.1908365248696859,758.08,True
llm,10,18,0.25273973965219415,0.1908365248696859,809.91,True
llm,10,19,0.4325086553674663,0.1908365248696859,885.59,True
llm,10,20,0.1867652476609519,0.1867652476609519,918.76,True
llm,10,21,0.18879269351882738,0.1867652476609519,1074.0,True
llm,10,22,0.9067137499962706,0.1867652476609519,1217.26,True
llm,10,23,0.6953661702733803,0.1867652476609519,1265.88,True
llm,10,24,1.4358746461256435,0.1867652476609519,1287.33,True
llm,10,25,0.182814443834164,0.182814443834164,1316.24,True
llm,10,26,0.3083097811629451,0.182814443834164,1345.57,True
llm,10,27,,0.182814443834164,1348.06,False
llm,10,28,,0.182814443834164,1350.61,False
llm,10,29,0.4767891897860474,0.182814443834164,1362.41,True
llm,10,30,0.6483876493858993,0.182814443834164,1538.81,True
llm,10,31,0.6987986761011877,0.182814443834164,1561.2,True
llm,10,32,0.4035914564734937,0.182814443834164,1581.45,True
llm,10,33,,0.182814443834164,1588.36,False
llm,10,34,0.6489374528988154,0.182814443834164,1653.67,True
llm,10,35,0.19448381911948162,0.182814443834164,1682.9,True
llm,11,1,0.20457538010450582,0.20457538010450582,68.78,True
llm,11,2,0.4342053669598886,0.20457538010450582,111.56,True
llm,11,3,0.49380353453616493,0.20457538010450582,220.14,True
llm,11,4,0.7995651046555351,0.20457538010450582,248.86,True
llm,11,5,0.6329883535111319,0.20457538010450582,335.85,True
llm,11,6,0.5539732159834757,0.20457538010450582,402.74,True
llm,11,7,0.31826693825849794,0.20457538010450582,434.13,True
llm,11,8,0.4048788877073014,0.20457538010450582,515.6,True
llm,11,9,0.5287708270033581,0.20457538010450582,570.34,True
llm,11,10,,0.20457538010450582,607.02,False
llm,11,11,0.4835032387493353,0.20457538010450582,729.85,True
llm,11,12,0.23837826330691259,0.20457538010450582,813.22,True
llm,11,13,,0.20457538010450582,824.42,False
llm,11,14,0.6119177156921911,0.20457538010450582,891.1,True
llm,11,15,0.3474049506463195,0.20457538010450582,983.33,True
llm,11,16,0.4079254993204767,0.20457538010450582,1066.0,True
llm,11,17,0.32839820070145287,0.20457538010450582,1096.85,True
llm,11,18,0.7214702662535313,0.20457538010450582,1165.5,True
llm,11,19,0.3737072885879811,0.20457538010450582,1211.45,True
llm,11,20,0.17650966892495445,0.17650966892495445,1238.08,True
llm,11,21,0.39611619954873006,0.17650966892495445,1433.64,True
llm,11,22,0.22355294787467278,0.17650966892495445,1559.58,True
llm,11,23,0.16283605005784013,0.16283605005784013,1682.13,True
llm,11,24,1.0023521585157373,0.16283605005784013,1718.44,True
llm,11,25,0.15606755156068683,0.15606755156068683,1832.94,True
llm,11,26,0.7191458227956903,0.15606755156068683,1900.4,True
llm,11,27,0.1781911018848715,0.15606755156068683,2027.95,True
llm,11,28,0.14147200753539302,0.14147200753539302,2071.99,True
llm,11,29,0.14408524657044885,0.14147200753539302,2102.92,True
llm,11,30,0.5812330047249116,0.14147200753539302,2272.46,True
llm,11,31,0.15652427407676062,0.14147200753539302,2301.81,True
llm,11,32,,0.14147200753539302,2326.68,False
llm,11,33,1.2584853642306388,0.14147200753539302,2338.38,True
llm,11,34,0.39464906556972973,0.14147200753539302,2351.09,True
llm,11,35,0.6966384164457591,0.14147200753539302,2424.39,True
llm,12,1,0.23435575372955653,0.23435575372955653,67.79,True
llm,12,2,0.4440007774772293,0.23435575372955653,111.81,True
llm,12,3,0.33674744012470925,0.23435575372955653,226.19,True
llm,12,4,,0.23435575372955653,229.98,False
llm,12,5,1.0760846230032795,0.23435575372955653,245.19,True
llm,12,6,0.5204935952156827,0.23435575372955653,408.64,True
llm,12,7,0.6037031232536773,0.23435575372955653,429.22,True
llm,12,8,,0.23435575372955653,437.55,False
llm,12,9,0.5152903784273497,0.23435575372955653,494.92,True
llm,12,10,0.5085350737609847,0.23435575372955653,547.63,True
llm,12,11,0.24850422709765746,0.23435575372955653,623.66,True
llm,12,12,,0.23435575372955653,671.17,False
llm,12,13,0.6654164055408515,0.23435575372955653,706.76,True
llm,12,14,0.21691401552595854,0.21691401552595854,781.79,True
llm,12,15,0.39565357471757234,0.21691401552595854,849.28,True
llm,12,16,0.6335836076155127,0.21691401552595854,861.64,True
llm,12,17,0.17633533052616707,0.17633533052616707,928.45,True
llm,12,18,0.34333301857143483,0.17633533052616707,1012.35,True
llm,12,19,0.1573074764143198,0.1573074764143198,1075.08,True
llm,12,20,0.22255219877287707,0.1573074764143198,1127.88,True
llm,12,21,0.8078870076700774,0.1573074764143198,1155.24,True
llm,12,22,0.19330679803955206,0.1573074764143198,1217.48,True
llm,12,23,0.3123374111908405,0.1573074764143198,1392.08,True
llm,12,24,0.629845455344623,0.1573074764143198,1589.02,True
llm,12,25,0.2879891381709795,0.1573074764143198,1738.96,True
llm,12,26,0.5455312644297197,0.1573074764143198,1869.52,True
llm,12,27,,0.1573074764143198,1891.66,False
llm,12,28,0.16312552532258104,0.1573074764143198,1955.46,True
llm,12,29,0.15827486703826787,0.1573074764143198,2016.88,True
llm,12,30,0.18853342584460586,0.1573074764143198,2076.27,True
llm,12,31,0.20445436616898235,0.1573074764143198,2137.8,True
llm,12,32,0.19573471072950813,0.1573074764143198,2201.29,True
llm,12,33,0.3039402218502908,0.1573074764143198,2322.98,True
llm,12,34,0.24045744288588472,0.1573074764143198,2392.29,True
llm,12,35,0.43939190627670227,0.1573074764143198,2531.27,True
llm,13,1,0.2410518884421594,0.2410518884421594,77.08,True
llm,13,2,0.5076013715148691,0.2410518884421594,146.17,True
llm,13,3,0.62888886218389,0.2410518884421594,215.67,True
llm,13,4,0.5636033256503012,0.2410518884421594,294.37,True
llm,13,5,0.5944708119635135,0.2410518884421594,337.25,True
llm,13,6,0.4143359914039162,0.2410518884421594,365.47,True
llm,13,7,,0.2410518884421594,375.55,False
llm,13,8,0.393366184003819,0.2410518884421594,520.61,True
llm,13,9,0.9524848554600723,0.2410518884421594,604.34,True
llm,13,10,0.576346778967574,0.2410518884421594,645.89,True
llm,13,11,0.2579750477660349,0.2410518884421594,720.42,True
llm,13,12,0.21147296189454523,0.21147296189454523,800.28,True
llm,13,13,0.2100069737933933,0.2100069737933933,871.85,True
llm,13,14,,0.2100069737933933,898.31,False
llm,13,15,0.642377273361331,0.2100069737933933,981.83,True
llm,13,16,0.5342327934153639,0.2100069737933933,1016.12,True
llm,13,17,0.18549952877846285,0.18549952877846285,1089.63,True
llm,13,18,0.16444547621226716,0.16444547621226716,1155.79,True
llm,13,19,0.20211470379306146,0.16444547621226716,1230.91,True
llm,13,20,0.20078773841440775,0.16444547621226716,1292.0,True
llm,13,21,0.27693866095040687,0.16444547621226716,1339.27,True
llm,13,22,0.1753785840567223,0.16444547621226716,1400.05,True
llm,13,23,0.4797249751957349,0.16444547621226716,1506.44,True
llm,13,24,0.2468434722732649,0.16444547621226716,1591.49,True
llm,13,25,0.18714121470798817,0.16444547621226716,1650.03,True
llm,13,26,0.16445658192220525,0.16444547621226716,1708.54,True
llm,13,27,0.1860813573878909,0.16444547621226716,1867.6,True
llm,13,28,0.2401073264991267,0.16444547621226716,1912.53,True
llm,13,29,0.2179358220358193,0.16444547621226716,2012.61,True
llm,13,30,0.4330085053421246,0.16444547621226716,2233.78,True
llm,13,31,0.3019665098199841,0.16444547621226716,2293.37,True
llm,13,32,0.1934090438790005,0.16444547621226716,2417.28,True
llm,13,33,0.8839475195710961,0.16444547621226716,2488.01,True
llm,13,34,0.2382755103804684,0.16444547621226716,2609.87,True
llm,13,35,,0.16444547621226716,2656.54,False
llm,14,1,0.26815805114772234,0.26815805114772234,73.09,True
llm,14,2,0.46142125631611575,0.26815805114772234,170.89,True
llm,14,3,0.3495913064798864,0.26815805114772234,237.49,True
llm,14,4,0.6223505653690778,0.26815805114772234,296.87,True
llm,14,5,0.9807716343417375,0.26815805114772234,315.08,True
llm,14,6,0.5593290946473569,0.26815805114772234,386.34,True
llm,14,7,0.7296714735509741,0.26815805114772234,430.77,True
llm,14,8,0.45358076865800695,0.26815805114772234,524.14,True
llm,14,9,,0.26815805114772234,532.57,False
llm,14,10,0.5443858796654192,0.26815805114772234,679.15,True
llm,14,11,0.18902826536782763,0.18902826536782763,757.38,True
llm,14,12,0.25939764326207426,0.18902826536782763,840.18,True
llm,14,13,0.566359630527313,0.18902826536782763,873.39,True
llm,14,14,0.4468917147774272,0.18902826536782763,987.33,True
llm,14,15,0.6042584353997867,0.18902826536782763,1101.17,True
llm,14,16,0.6317375682631858,0.18902826536782763,1193.73,True
llm,14,17,0.4161687058343245,0.18902826536782763,1237.07,True
llm,14,18,,0.18902826536782763,1281.14,False
llm,14,19,0.32576485561441765,0.18902826536782763,1363.63,True
llm,14,20,0.5675501225029906,0.18902826536782763,1402.44,True
llm,14,21,0.7752133051727074,0.18902826536782763,1480.4,True
llm,14,22,0.2942846359369704,0.18902826536782763,1537.48,True
llm,14,23,0.2973179417950697,0.18902826536782763,1591.54,True
llm,14,24,0.3253231634952384,0.18902826536782763,1673.16,True
llm,14,25,,0.18902826536782763,1723.39,False
llm,14,26,0.1717508827167952,0.1717508827167952,1795.87,True
llm,14,27,0.21196004032015128,0.1717508827167952,1837.65,True
llm,14,28,0.3263946186495587,0.1717508827167952,1931.02,True
llm,14,29,0.48187472716115687,0.1717508827167952,2029.92,True
llm,14,30,0.6395437628034215,0.1717508827167952,2085.61,True
llm,14,31,0.2145254248547734,0.1717508827167952,2236.15,True
llm,14,32,0.46707059647297944,0.1717508827167952,2259.26,True
llm,14,33,0.20399527891033517,0.1717508827167952,2301.17,True
llm,14,34,0.22243446151151175,0.1717508827167952,2336.73,True
llm,14,35,0.3234807132288468,0.1717508827167952,2490.05,True
llm,15,1,0.276422309244584,0.276422309244584,65.89,True
llm,15,2,0.48778975978925493,0.276422309244584,128.87,True
llm,15,3,0.4446217344279203,0.276422309244584,177.09,True
llm,15,4,0.9845996085262106,0.276422309244584,202.78,True
llm,15,5,0.6021833343825078,0.276422309244584,223.77,True
llm,15,6,0.406965674783318,0.276422309244584,319.61,True
llm,15,7,0.42642942735597955,0.276422309244584,386.33,True
llm,15,8,0.6396654898710555,0.276422309244584,453.49,True
llm,15,9,0.645175732238096,0.276422309244584,521.36,True
llm,15,10,0.5965764340146444,0.276422309244584,570.55,True
llm,15,11,0.6082999764456632,0.276422309244584,620.03,True
llm,15,12,0.5233513947558036,0.276422309244584,739.51,True
llm,15,13,0.36211455887226096,0.276422309244584,775.07,True
llm,15,14,0.5521938262875592,0.276422309244584,794.79,True
llm,15,15,,0.276422309244584,820.46,False
llm,15,16,0.44498468598972446,0.276422309244584,994.25,True
llm,15,17,,0.276422309244584,1000.66,False
llm,15,18,0.2773055574394259,0.276422309244584,1062.98,True
llm,15,19,0.25645249206041537,0.25645249206041537,1131.81,True
llm,15,20,0.23604118959081943,0.23604118959081943,1200.49,True
llm,15,21,,0.23604118959081943,1216.15,False
llm,15,22,0.2255530023248125,0.2255530023248125,1281.72,True
llm,15,23,0.5142597384173551,0.2255530023248125,1416.82,True
llm,15,24,0.21566840632050419,0.21566840632050419,1488.76,True
llm,15,25,0.22605887451407222,0.21566840632050419,1529.88,True
llm,15,26,0.20289178535159116,0.20289178535159116,1687.1,True
llm,15,27,,0.20289178535159116,1732.83,False
llm,15,28,0.205460459378476,0.20289178535159116,1894.51,True
llm,15,29,0.2249548846010268,0.20289178535159116,1925.5,True
llm,15,30,,0.20289178535159116,1970.58,False
llm,15,31,,0.20289178535159116,1983.77,False
llm,15,32,0.39470963305188145,0.20289178535159116,2069.08,True
llm,15,33,0.814284146600703,0.20289178535159116,2115.74,True
llm,15,34,0.34466203216672625,0.20289178535159116,2229.87,True
llm,15,35,0.36235273607739493,0.20289178535159116,2384.67,True
llm,16,1,0.2091670039863458,0.2091670039863458,72.28,True
llm,16,2,0.4457783150516245,0.2091670039863458,149.51,True
llm,16,3,0.3244472787923072,0.2091670039863458,206.9,True
llm,16,4,0.6720327715548954,0.2091670039863458,284.04,True
llm,16,5,0.8442348782942676,0.2091670039863458,305.2,True
llm,16,6,0.512828899952202,0.2091670039863458,362.99,True
llm,16,7,0.45499391436314707,0.2091670039863458,409.29,True
llm,16,8,,0.2091670039863458,417.42,False
llm,16,9,0.53617789415881,0.2091670039863458,482.35,True
llm,16,10,0.9051354482479944,0.2091670039863458,554.26,True
llm,16,11,0.3520613558829222,0.2091670039863458,591.8,True
llm,16,12,0.24709598458815316,0.2091670039863458,681.38,True
llm,16,13,,0.2091670039863458,684.36,False
llm,16,14,0.3576146030563738,0.2091670039863458,763.82,True
llm,16,15,0.41521952258672734,0.2091670039863458,817.67,True
llm,16,16,0.35612704403013734,0.2091670039863458,943.6,True
llm,16,17,0.6573780249131402,0.2091670039863458,996.78,True
llm,16,18,1.1185923371410658,0.2091670039863458,1016.26,True
llm,16,19,0.22041407357326914,0.2091670039863458,1077.94,True
llm,16,20,0.4513490952433596,0.2091670039863458,1125.39,True
llm,16,21,0.35054353511206987,0.2091670039863458,1193.17,True
llm,16,22,0.24706105272803802,0.2091670039863458,1267.76,True
llm,16,23,0.2326673118911955,0.2091670039863458,1329.55,True
llm,16,24,0.24537670564133707,0.2091670039863458,1396.7,True
llm,16,25,,0.2091670039863458,1402.57,False
llm,16,26,0.6378009612154917,0.2091670039863458,1491.46,True
llm,16,27,0.19627925966020493,0.19627925966020493,1551.77,True
llm,16,28,0.13673656738201492,0.13673656738201492,1619.2,True
llm,16,29,0.1705795345274096,0.13673656738201492,1689.34,True
llm,16,30,0.5689123928468569,0.13673656738201492,1710.94,True
llm,16,31,0.2138849401257708,0.13673656738201492,1780.26,True
llm,16,32,,0.13673656738201492,1789.64,False
llm,16,33,0.8793200275689791,0.13673656738201492,1984.07,True
llm,16,34,0.20042964005648878,0.13673656738201492,2035.0,True
llm,16,35,0.6469259330116647,0.13673656738201492,2048.71,True
llm,17,1,0.3104297624598427,0.3104297624598427,65.11,True
llm,17,2,0.3392483755829066,0.3104297624598427,101.51,True
llm,17,3,0.5525777047440794,0.3104297624598427,172.44,True
llm,17,4,0.7283054027205058,0.3104297624598427,225.2,True
llm,17,5,0.6187286175711533,0.3104297624598427,265.74,True
llm,17,6,0.5047189318408576,0.3104297624598427,308.39,True
llm,17,7,0.4514050612448151,0.3104297624598427,414.88,True
llm,17,8,0.4028204810406013,0.3104297624598427,460.44,True
llm,17,9,0.2564373389041931,0.2564373389041931,508.76,True
llm,17,10,0.5655248787075569,0.2564373389041931,525.53,True
llm,17,11,0.27896828730304973,0.2564373389041931,572.33,True
llm,17,12,0.15703146346290558,0.15703146346290558,608.92,True
llm,17,13,0.2922919755439718,0.15703146346290558,759.7,True
llm,17,14,0.4061689531743787,0.15703146346290558,794.71,True
llm,17,15,0.2834356770188917,0.15703146346290558,846.45,True
llm,17,16,,0.15703146346290558,860.74,False
llm,17,17,0.19736296147340637,0.15703146346290558,896.84,True
llm,17,18,0.3673661735056189,0.15703146346290558,915.12,True
llm,17,19,0.3132466032328304,0.15703146346290558,1051.67,True
llm,17,20,0.25712341449837456,0.15703146346290558,1197.94,True
llm,17,21,,0.15703146346290558,1203.8,False
llm,17,22,0.4300595187369328,0.15703146346290558,1227.41,True
llm,17,23,0.3134100728008631,0.15703146346290558,1275.07,True
llm,17,24,0.15790150640150807,0.15703146346290558,1313.27,True
llm,17,25,0.18350330896214392,0.15703146346290558,1355.44,True
llm,17,26,0.2941495448743507,0.15703146346290558,1496.51,True
llm,17,27,0.1662590894752546,0.15703146346290558,1657.84,True
llm,17,28,0.4511266417705784,0.15703146346290558,1815.68,True
llm,17,29,0.45925845340456706,0.15703146346290558,1851.33,True
llm,17,30,,0.15703146346290558,1886.78,False
llm,17,31,0.16884973206216908,0.15703146346290558,1916.73,True
llm,17,32,0.24352158851276565,0.15703146346290558,2065.76,True
llm,17,33,0.5202188711832715,0.15703146346290558,2229.64,True
llm,17,34,,0.15703146346290558,2236.4,False
llm,17,35,0.2951369838271457,0.15703146346290558,2267.51,True
llm,18,1,0.24100399354456822,0.24100399354456822,75.7,True
llm,18,2,0.3626901680589764,0.24100399354456822,144.8,True
llm,18,3,0.49306408295445214,0.24100399354456822,236.01,True
llm,18,4,0.9615172456655846,0.24100399354456822,303.2,True
llm,18,5,0.7107725000592725,0.24100399354456822,366.31,True
llm,18,6,0.47859806323514553,0.24100399354456822,420.46,True
llm,18,7,0.4663633750958633,0.24100399354456822,494.06,True
llm,18,8,0.5222064212522654,0.24100399354456822,520.87,True
llm,18,9,0.5642941827817198,0.24100399354456822,599.99,True
llm,18,10,,0.24100399354456822,605.06,False
llm,18,11,0.5668702859936074,0.24100399354456822,654.62,True
llm,18,12,0.4573430474471132,0.24100399354456822,715.54,True
llm,18,13,0.45693453051308214,0.24100399354456822,842.56,True
llm,18,14,0.2636360728436048,0.24100399354456822,927.66,True
llm,18,15,,0.24100399354456822,933.0,False
llm,18,16,,0.24100399354456822,944.2,False
llm,18,17,0.23447563893810877,0.23447563893810877,990.07,True
llm,18,18,,0.23447563893810877,1019.47,False
llm,18,19,0.329871019697083,0.23447563893810877,1088.0,True
llm,18,20,0.16515773146679288,0.16515773146679288,1137.46,True
llm,18,21,0.1971217622493579,0.16515773146679288,1180.99,True
llm,18,22,0.19176311813662902,0.16515773146679288,1215.29,True
llm,18,23,0.301614903190385,0.16515773146679288,1281.77,True
llm,18,24,0.20906298346057056,0.16515773146679288,1315.52,True
llm,18,25,0.3944020053348743,0.16515773146679288,1470.37,True
llm,18,26,0.16909396911814528,0.16515773146679288,1510.44,True
llm,18,27,1.42567315200389,0.16515773146679288,1582.77,True
llm,18,28,0.22059968575311276,0.16515773146679288,1612.96,True
llm,18,29,0.5879258287375494,0.16515773146679288,1627.59,True
llm,18,30,1.2742172708003086,0.16515773146679288,1694.12,True
llm,18,31,0.24922576359397675,0.16515773146679288,1725.39,True
llm,18,32,0.3125458666264368,0.16515773146679288,1757.72,True
llm,18,33,0.298589001466726,0.16515773146679288,1788.28,True
llm,18,34,0.20424220220846032,0.16515773146679288,1820.4,True
llm,18,35,0.1859000145324948,0.16515773146679288,1855.46,True
llm,19,1,0.1853828234016438,0.1853828234016438,43.51,True
llm,19,2,0.42356711343412273,0.1853828234016438,109.04,True
llm,19,3,0.5020591775633987,0.1853828234016438,132.55,True
llm,19,4,0.6049147650703847,0.1853828234016438,184.18,True
llm,19,5,0.4814522981534267,0.1853828234016438,330.61,True
llm,19,6,0.48960820236806374,0.1853828234016438,388.69,True
llm,19,7,0.3435946484236708,0.1853828234016438,412.2,True
llm,19,8,0.5548983888813026,0.1853828234016438,445.63,True
llm,19,9,0.42637044996025214,0.1853828234016438,456.28,True
llm,19,10,0.520505564810619,0.1853828234016438,543.54,True
llm,19,11,0.30710621830639834,0.1853828234016438,575.42,True
llm,19,12,0.21290803448362383,0.1853828234016438,621.35,True
llm,19,13,0.8064812056582688,0.1853828234016438,642.41,True
llm,19,14,,0.1853828234016438,646.64,False
llm,19,15,0.3808479238042447,0.1853828234016438,670.56,True
llm,19,16,0.22577637997764885,0.1853828234016438,767.05,True
llm,19,17,0.24270839945404185,0.1853828234016438,823.97,True
llm,19,18,0.20397197790011828,0.1853828234016438,874.3,True
llm,19,19,0.23662717337781602,0.1853828234016438,945.25,True
llm,19,20,0.16014581096073097,0.16014581096073097,969.78,True
llm,19,21,0.15874634653917707,0.15874634653917707,994.63,True
llm,19,22,0.18528371688619588,0.15874634653917707,1015.77,True
llm,19,23,0.21063456855296728,0.15874634653917707,1043.49,True
llm,19,24,0.3850338313378924,0.15874634653917707,1059.37,True
llm,19,25,0.17194815991876505,0.15874634653917707,1081.73,True
llm,19,26,0.17976231972123846,0.15874634653917707,1126.24,True
llm,19,27,0.3218859539785123,0.15874634653917707,1156.84,True
llm,19,28,0.2849467671285718,0.15874634653917707,1172.76,True
llm,19,29,0.5198397554391895,0.15874634653917707,1197.34,True
llm,19,30,,0.15874634653917707,1203.37,False
llm,19,31,,0.15874634653917707,1204.9,False
llm,19,32,0.2006357489101125,0.15874634653917707,1226.6,True
llm,19,33,0.2735772714792702,0.15874634653917707,1252.56,True
llm,19,34,,0.15874634653917707,1284.33,False
llm,19,35,0.724722560905616,0.15874634653917707,1320.17,True
