epsilon,sigma,cutoff_nm,stable,violations,loss,density_kg_m3,dhvap_kj_mol
2.0,0.3,1.1159,True,,0.41964728820618347,1390.8484514705415,24.20207743380715
2.0,0.31,1.1159,True,,0.3796246277043631,1297.4747758235728,24.73397303430394
2.0,0.32,1.1159,True,,0.37857744316789493,1214.13131614522,25.30015314285904
2.0,0.33,1.1159,True,,0.4100002693002424,1130.5520091310195,25.625156938625132
2.0,0.34,1.1159,True,,0.43429749527819983,1061.6822565860818,26.18331251120056
2.0,0.35,1.1159,True,,0.457309415571427,997.8631981498527,26.61015757417211
2.0,0.36,1.1159,True,,0.47835909881405814,939.0746401511063,27.03035392226968
2.0,0.37,1.1159,True,,0.49517939235459757,888.482968423641,27.62754915586937
2.0,0.38,1.1159,True,,0.5118343342361142,840.4083514350876,28.072819970208887
2.0,0.39,1.1159,True,,0.5293424453269766,792.5892859101688,28.34433402723424
2.0,0.4,1.1159,True,,0.5442416499164375,750.3741244381853,28.685428071951186
2.0,0.41,1.1159,True,,0.5585555969950106,710.5769237353668,28.958186448689403
2.0,0.42,1.1159,True,,0.571785600635361,673.6028154089744,29.224073289087215
2.0,0.43,1.1159,True,,0.5840735431313804,639.7291286403389,29.437211219485743
2.0,0.44,1.1159,True,,0.5951174119753799,608.3051699273475,29.699620798461915
2.0,0.45,1.1159,True,,0.6065722743732923,577.1526025913438,29.86760414113305
2.25,0.3,1.1159,True,,0.42599473647522057,1484.9019418362334,29.84823061495648
2.25,0.31,1.1159,True,,0.3816700755183655,1380.631977929731,30.37513556875785
2.25,0.32,1.1159,True,,0.3414721643924106,1288.273529781352,31.012341994522004
2.25,0.33,1.1159,True,,0.3522721233846461,1197.1746836386374,31.3139241073161
2.25,0.34,1.1159,True,,0.3763549548829326,1127.2531739211254,31.98715629552241
2.25,0.35,1.1159,True,,0.4018449852302997,1056.5805357462896,32.458595433705014
2.25,0.36,1.1159,True,,0.4249831231743904,992.0495485924937,32.91395133280376
2.25,0.37,1.1159,True,,0.44751909974631,931.0241812757552,33.2253950349083
2.25,0.38,1.1159,True,,0.4628853517970055,883.1128322266626,33.89340083258717
2.25,0.39,1.1159,True,,0.47973065540979865,834.7205069415289,34.32700058534741
2.25,0.4,1.1159,True,,0.49807601177217964,786.1556833842117,34.50006478629097
2.25,0.41,1.1159,True,,0.5112333716378418,746.2917676175074,34.988146472217025
2.25,0.42,1.1159,True,,0.5263698809879938,706.1637467651157,35.135121460228426
2.25,0.43,1.1159,True,,0.5384107716343701,671.3190275288121,35.463442117279314
2.25,0.44,1.1159,True,,0.5508408482981798,636.740040527059,35.70171474517123
2.25,0.45,1.1159,True,,0.5621438784562904,606.002755706052,35.86730079510428
2.5,0.3,1.1159,True,,0.4236197840343231,1555.557965202306,35.38989513649846
2.5,0.31,1.1159,True,,0.37651985611169225,1446.8393355992293,36.100197646293964
2.5,0.32,1.1159,True,,0.33357834231620037,1346.0230877493575,36.62512201090506
2.5,0.33,1.1159,True,,0.2965828901187728,1256.634625142911,37.14957540333813
2.5,0.34,1.1159,True,,0.3239189074220404,1177.981184324884,37.862169073628856
2.5,0.35,1.1159,True,,0.3519371332865806,1101.9185614601313,38.26324824782457
2.5,0.36,1.1159,True,,0.37747165924065895,1033.0502632827893,38.59611005353556
2.5,0.37,1.1159,True,,0.39934912382580023,970.7290953089731,39.12110753020425
2.5,0.38,1.1159,True,,0.4161440588270915,919.3323640724722,39.7811351312038
2.5,0.39,1.1159,True,,0.4331480268818587,868.8209575246356,40.339097303034265
2.5,0.4,1.1159,True,,0.45144381007624024,819.2188784411948,40.596191968103994
2.5,0.41,1.1159,True,,0.4666941200331963,775.0376427572486,41.01555962399195
2.5,0.42,1.1159,True,,0.48116363351514463,735.0536885745622,41.27350981571956
2.5,0.43,1.1159,True,,0.4934797680571882,698.2683319918166,41.69207142905956
2.5,0.44,1.1159,True,,0.5071234856516509,661.9239272290099,41.83712591508684
2.5,0.45,1.1159,True,,0.5189737186790719,629.5623410447035,42.020580852134884
2.75,0.3,1.1159,True,,0.4158750152943713,1614.7189143446296,41.07761085704845
2.75,0.31,1.1159,True,,0.36614586433425766,1497.2595410920176,41.63435338996801
2.75,0.32,1.1159,True,,0.3218543456192288,1395.7361814353683,42.35384453167615
2.75,0.33,1.1159,True,,0.28157835351216914,1303.65297186257,43.02516531200411
2.75,0.34,1.1159,True,,0.27791071963559827,1215.9425765539977,43.490517250722114
2.75,0.35,1.1159,True,,0.30481167433828965,1139.0854776858534,44.152391553479085
2.75,0.36,1.1159,True,,0.3283820664149943,1071.4830394224373,44.75118626828654
2.75,0.37,1.1159,True,,0.3515648073132899,1007.0656215782763,45.19021177303152
2.75,0.38,1.1159,True,,0.3707602120506471,950.1258543443093,45.81419326204912
2.75,0.39,1.1159,True,,0.3909403591453099,894.9574621224923,46.13085634157172
2.75,0.4,1.1159,True,,0.4068642466400533,846.967701102987,46.70304277555051
2.75,0.41,1.1159,True,,0.4231344935598175,801.023005814915,47.0643048094644
2.75,0.42,1.1159,True,,0.43699456154339933,759.861750936113,47.51830946281217
2.75,0.43,1.1159,True,,0.4516992129863935,719.754996574147,47.742344723883114
2.75,0.44,1.1159,True,,0.4662324162851128,681.6712080734178,47.85129469361025
2.75,0.45,1.1159,True,,0.47703520785488607,649.2959792609208,48.22637052964167
3.0,0.3,1.1159,True,,0.40455133224379003,1665.3961018935154,46.80319382558276
3.0,0.31,1.1159,True,,0.3534427399367954,1548.2427536097246,47.63312458840479
3.0,0.32,1.1159,True,,0.3063582464901513,1437.3345254454691,48.18227928464249
3.0,0.33,1.1159,True,,0.26422955467760917,1339.1649752188528,48.750663471526046
3.0,0.34,1.1159,True,,0.230211592168483,1253.3442540355225,49.46709168970948
3.0,0.35,1.1159,True,,0.25901771751267305,1173.1565585082374,50.023073867676345
3.0,0.36,1.1159,True,,0.28308863432227555,1102.5129252466431,50.75069420699769
3.0,0.37,1.1159,True,,0.3072565291385204,1034.920938498253,51.23998763183298
3.0,0.38,1.1159,True,,0.3280809828263381,975.6438880600376,51.73650062539714
3.0,0.39,1.1159,True,,0.34706544963848435,920.895844083108,52.24038043251325
3.0,0.4,1.1159,True,,0.3638977690071561,870.60040536331,52.81396515698716
3.0,0.41,1.1159,True,,0.3802866622357022,823.7327613134668,53.22037572522755
3.0,0.42,1.1159,True,,0.3943529191969902,781.4571109163211,53.71744043740556
3.0,0.43,1.1159,True,,0.4087861305947159,740.67894225398,54.039430473725965
3.0,0.44,1.1159,True,,0.4212217912175571,704.2472211077896,54.41066552986611
3.0,0.45,1.1159,True,,0.4346088497649122,668.5459245725505,54.55592620220898
3.25,0.3,1.1159,False,min_image,,,
3.25,0.31,1.1159,True,,0.33738688744565215,1585.4099411599168,53.24299958529851
3.25,0.32,1.1159,True,,0.2898986065947265,1476.426120819446,54.004805311909784
3.25,0.33,1.1159,True,,0.2456781926327442,1373.2145659466578,54.58927515599142
3.25,0.34,1.1159,True,,0.20673622379957085,1286.0227970621945,55.37152358495911
3.25,0.35,1.1159,True,,0.2120236135510991,1206.3357092634076,56.17668203572628
3.25,0.36,1.1159,True,,0.23890224730605378,1131.8997635620735,56.66753536080943
3.25,0.37,1.1159,True,,0.26273933368526997,1062.9701821218198,57.313762810058364
3.25,0.38,1.1159,True,,0.28390616860177065,1001.4680881687261,57.908864327069864
3.25,0.39,1.1159,True,,0.302513196529488,945.6452859453442,58.559158132279784
3.25,0.4,1.1159,True,,0.31962514975860323,894.5564074301702,59.13922633885992
3.25,0.41,1.1159,True,,0.33733097977373905,845.4497057868928,59.46786973378023
3.25,0.42,1.1159,True,,0.35115000587364126,802.5964620882411,60.051698573376555
3.25,0.43,1.1159,True,,0.3665243246254281,759.9573165434022,60.33698184581863
3.25,0.44,1.1159,True,,0.38002943994119853,721.7383694333331,60.642817694820344
3.25,0.45,1.1159,True,,0.39294927183166845,685.622167695721,60.90311709409454
3.5,0.3,1.1159,False,min_image,,,
3.5,0.31,1.1159,True,,0.3197332016340803,1622.3673925158525,59.128513372958615
3.5,0.32,1.1159,True,,0.27043136703155596,1511.9429389838183,60.116207862309786
3.5,0.33,1.1159,True,,0.22594902912284187,1405.8052079368856,60.53674421573987
3.5,0.34,1.1159,True,,0.18563765155792844,1317.3420970213103,61.47628914320467
3.5,0.35,1.1159,True,,0.16849411136155493,1233.138302135284,62.16084740423226
3.5,0.36,1.1159,True,,0.19441599926790398,1158.2927606301398,62.85544800502889
3.5,0.37,1.1159,True,,0.21823657522072049,1088.5356314013902,63.564523683695285
3.5,0.38,1.1159,True,,0.23965601388489044,1025.5651858127483,64.21983377161484
3.5,0.39,1.1159,True,,0.26015942352168087,967.4804059416734,64.6885588695529
3.5,0.4,1.1159,True,,0.2769081597389221,915.519354565532,65.39780292381036
3.5,0.41,1.1159,True,,0.2942205159921262,865.6028827426172,65.85661630432642
3.5,0.42,1.1159,True,,0.30852182881028717,820.8222949724582,66.49204301595742
3.5,0.43,1.1159,True,,0.32285011269516584,779.9287089914883,66.84147615331848
3.5,0.44,1.1159,True,,0.33794799080899124,738.7856726525857,67.06888190656422
3.5,0.45,1.1159,True,,0.34999181984927363,702.8606201007868,67.47479105287117
3.75,0.3,1.1159,False,min_image,,,
3.75,0.31,1.1159,True,,0.3006378495586211,1654.2851480296633,64.91196960561652
3.75,0.32,1.1159,True,,0.24964726336396198,1537.0118552527872,65.71174958397286
3.75,0.33,1.1159,True,,0.20450807133567828,1437.0896222994907,66.70130122451434
3.75,0.34,1.1159,True,,0.16382556956623517,1344.4029160178227,67.40296547246543
3.75,0.35,1.1159,True,,0.12491949724436374,1258.871738248507,68.2987648046203
3.75,0.36,1.1159,True,,0.14991027019591371,1183.4317884651377,69.13758579070772
3.75,0.37,1.1159,True,,0.1752229056671723,1112.3318024830614,69.67221404686566
3.75,0.38,1.1159,True,,0.193866752393634,1051.5245935214043,70.67624946673641
3.75,0.39,1.1159,True,,0.21374456701369368,992.3472875684092,71.3378378429823
3.75,0.4,1.1159,True,,0.23206376297980613,938.4486032130544,71.90137631028499
3.75,0.41,1.1159,True,,0.25133328146184447,885.4160162085974,72.22932507290938
3.75,0.42,1.1159,True,,0.266073165008345,839.8846328358284,72.83922498241924
3.75,0.43,1.1159,True,,0.2813467658614731,795.9327292538916,73.23776976220734
3.75,0.44,1.1159,True,,0.2920573343677618,758.4869928673404,73.99629913193323
3.75,0.45,1.1159,True,,0.3053729169529644,722.0867169582813,74.20511445848642
4.0,0.3,1.1159,False,min_image,,,
4.0,0.31,1.1159,True,,0.2809804159860765,1689.2441206039528,71.01764739205959
4.0,0.32,1.1159,True,,0.22916057672080303,1569.6379498319113,71.79965157424544
4.0,0.33,1.1159,True,,0.18226912959292632,1464.0492021768175,72.69834501778288
4.0,0.34,1.1159,True,,0.14054691961787819,1371.1790394529912,73.57596968089884
4.0,0.35,1.1159,True,,0.10099847017088535,1284.6612446916731,74.51733537974299
4.0,0.36,1.1159,True,,0.10644649912743086,1206.9536810976867,75.3470288149666
4.0,0.37,1.1159,True,,0.12995033752899748,1136.7674171014849,76.14478320081344
4.0,0.38,1.1159,True,,0.15188396111635485,1071.7834494920921,76.85211756396552
4.0,0.39,1.1159,True,,0.17316879873872948,1010.6379169492257,77.39995818900806
4.0,0.4,1.1159,True,,0.18898201043032326,958.5553426613698,78.288255520797
4.0,0.41,1.1159,True,,0.20433073202425878,908.471220793382,79.11657386297257
4.0,0.42,1.1159,True,,0.22017035838152402,861.8650874817575,79.60404010129504
4.0,0.43,1.1159,True,,0.2336667187017414,820.0345671386607,80.17263684534686
4.0,0.44,1.1159,True,,0.24835478041448267,776.1215448259625,80.67493808665365
4.0,0.45,1.1159,False,blowup,,,
4.25,0.3,1.1159,False,min_image,,,
4.25,0.31,1.1159,False,min_image,,,
4.25,0.32,1.1159,True,,0.20759915338398865,1601.4351039040869,78.02321159783935
4.25,0.33,1.1159,True,,0.16044700280493737,1495.3645661893606,78.93451287922788
4.25,0.34,1.1159,True,,0.12120910471235294,1409.2628977121922,79.84945000831607
4.25,0.35,1.1159,True,,0.07713507566451563,1311.0309347226394,80.7673722523895
4.25,0.36,1.1159,True,,0.0591678811907555,1237.2740583119014,81.75914801808302
4.25,0.37,1.1159,True,,0.0843883882081505,1162.3651278804537,82.58598385062926
4.25,0.38,1.1159,True,,0.10770149789073485,1092.7652998706849,83.37604330232847
4.25,0.39,1.1159,True,,0.12700286212128675,1036.1774159427223,83.95529405674549
4.25,0.4,1.1159,True,,0.14258287344333093,983.1703734843068,84.9528858929197
4.25,0.41,1.1159,True,,0.15987471757433575,928.8717634397126,85.73232264033466
4.25,0.42,1.1159,True,,0.17506204800122765,883.5300064881637,86.24707456318622
4.25,0.43,1.1159,True,,0.1918698475840367,834.7002206206726,86.71913459564843
4.25,0.44,1.1159,True,,0.20196092332145726,797.3850630963318,87.58096896299145
4.25,0.45,1.1159,False,blowup,,,
4.5,0.3,1.1159,False,min_image,,,
4.5,0.31,1.1159,False,min_image,,,
4.5,0.32,1.1159,True,,0.19637625199648076,1653.7892704552016,83.85172144641747
4.5,0.33,1.1159,True,,0.14574541062504406,1541.0602202170287,84.91464044722545
4.5,0.34,1.1159,True,,0.11150478769797233,1482.7105440808107,86.92693244646567
4.5,0.35,1.1159,True,,0.06740639310081281,1373.6685545341802,87.06757242403286
4.5,0.36,1.1159,True,,0.035512808491,1322.3310601992184,89.15978271201949
4.5,0.37,1.1159,True,,0.011571872442982791,1271.1645076344967,89.81697245340891
4.5,0.38,1.1159,True,,0.0437476701353421,1156.3071102495135,90.42067432724177
4.5,0.39,1.1159,True,,0.051375337693473425,1143.6304669394444,92.05086175541992
4.5,0.4,1.1159,True,,0.0950828644549611,1038.1527316221097,92.37810944397201
4.5,0.41,1.1159,True,,0.08195572254687222,1114.950132205936,95.5425006506542
4.5,0.42,1.1159,True,,0.13206469875242963,980.4559842717873,94.93651783722433
4.5,0.43,1.1159,True,,0.168116922747396,873.6983031635828,93.7779423588802
4.5,0.44,1.1159,False,blowup,,,
4.5,0.45,1.1159,False,blowup,,,
4.75,0.3,1.1159,False,min_image,,,
4.75,0.31,1.1159,False,min_image,,,
4.75,0.32,1.1159,False,min_image,,,
4.75,0.33,1.1159,True,,0.1531487575264646,1624.7981041779824,92.37734319578891
4.75,0.34,1.1159,True,,0.12660001351376488,1540.5902864549146,93.63488009189776
4.75,0.35,1.1159,True,,0.14196729234295624,1537.55383824581,96.65130270517145
4.75,0.36,1.1159,True,,0.12804231563924978,1483.8644016175617,97.99945752771814
4.75,0.37,1.1159,True,,0.12692112227012148,1440.0976098479027,100.96035428482205
4.75,0.38,1.1159,True,,0.17851447188507488,1509.5475168384426,105.32813989683262
4.75,0.39,1.1159,True,,0.16114063890169295,1452.6177944200563,106.28292106378174
4.75,0.4,1.1159,True,,0.16941150842831748,1425.0216938369706,109.78380510359435
4.75,0.41,1.1159,True,,0.14913666072641865,1356.1390751546717,111.07496392490756
4.75,0.42,1.1159,True,,0.11925120037191603,1273.9011171600102,111.5827699127293
4.75,0.43,1.1159,True,,0.13828225085799833,1218.4918739364932,113.28145144908392
4.75,0.44,1.1159,False,blowup,,,
4.75,0.45,1.1159,False,blowup,,,
5.0,0.3,1.1159,False,min_image,,,
5.0,0.31,1.1159,False,min_image,,,
5.0,0.32,1.1159,False,min_image,,,
5.0,0.33,1.1159,False,min_image,,,
5.0,0.34,1.1159,False,min_image,,,
5.0,0.35,1.1159,False,min_image,,,
5.0,0.36,1.1159,False,min_image,,,
5.0,0.37,1.1159,False,min_image,,,
5.0,0.38,1.1159,False,min_image,,,
5.0,0.39,1.1159,True,,0.29675354792431524,1609.0361940611797,119.65322259796652
5.0,0.4,1.1159,True,,0.32856378476237463,1613.310854226806,125.13356771530961
5.0,0.41,1.1159,True,,0.2572565573482197,1459.67914356645,123.26538346872776
5.0,0.42,1.1159,True,,0.24804540424906002,1420.5797140077625,124.4163916926023
5.0,0.43,1.1159,True,,0.1974996657410258,1290.0217685763382,124.6582410240158
5.0,0.44,1.1159,True,,0.20054833372366113,1202.6528434622478,123.46849409551349
5.0,0.45,1.1159,False,blowup,,,
5.25,0.3,1.1159,False,min_image,,,
5.25,0.31,1.1159,False,min_image,,,
5.25,0.32,1.1159,False,min_image,,,
5.25,0.33,1.1159,False,min_image,,,
5.25,0.34,1.1159,False,min_image,,,
5.25,0.35,1.1159,False,min_image,,,
5.25,0.36,1.1159,False,min_image,,,
5.25,0.37,1.1159,False,min_image,,,
5.25,0.38,1.1159,False,min_image,,,
5.25,0.39,1.1159,False,min_image,,,
5.25,0.4,1.1159,False,min_image,,,
5.25,0.41,1.1159,False,blowup,,,
5.25,0.42,1.1159,False,blowup,,,
5.25,0.43,1.1159,True,,0.3209610311301615,1406.968051901393,138.67135019348123
5.25,0.44,1.1159,False,blowup,,,
5.25,0.45,1.1159,False,blowup,,,
5.5,0.3,1.1159,False,min_image,,,
5.5,0.31,1.1159,False,min_image,,,
5.5,0.32,1.1159,False,min_image,,,
5.5,0.33,1.1159,False,min_image,,,
5.5,0.34,1.1159,False,min_image,,,
5.5,0.35,1.1159,False,min_image,,,
5.5,0.36,1.1159,False,min_image,,,
5.5,0.37,1.1159,False,min_image,,,
5.5,0.38,1.1159,False,min_image,,,
5.5,0.39,1.1159,False,min_image,,,
5.5,0.4,1.1159,False,min_image,,,
5.5,0.41,1.1159,False,min_image,,,
5.5,0.42,1.1159,False,blowup,,,
5.5,0.43,1.1159,False,blowup,,,
5.5,0.44,1.1159,False,blowup,,,
5.5,0.45,1.1159,False,blowup,,,
5.75,0.3,1.1159,False,min_image,,,
5.75,0.31,1.1159,False,min_image,,,
5.75,0.32,1.1159,False,min_image,,,
5.75,0.33,1.1159,False,min_image,,,
5.75,0.34,1.1159,False,min_image,,,
5.75,0.35,1.1159,False,min_image,,,
5.75,0.36,1.1159,False,min_image,,,
5.75,0.37,1.1159,False,min_image,,,
5.75,0.38,1.1159,False,min_image,,,
5.75,0.39,1.1159,False,min_image,,,
5.75,0.4,1.1159,False,min_image,,,
5.75,0.41,1.1159,False,min_image,,,
5.75,0.42,1.1159,False,blowup,,,
5.75,0.43,1.1159,False,blowup,,,
5.75,0.44,1.1159,False,blowup,,,
5.75,0.45,1.1159,False,blowup,,,
6.0,0.3,1.1159,False,min_image,,,
6.0,0.31,1.1159,False,min_image,,,
6.0,0.32,1.1159,False,min_image,,,
6.0,0.33,1.1159,False,min_image,,,
6.0,0.34,1.1159,False,min_image,,,
6.0,0.35,1.1159,False,min_image,,,
6.0,0.36,1.1159,False,min_image,,,
6.0,0.37,1.1159,False,min_image,,,
6.0,0.38,1.1159,False,min_image,,,
6.0,0.39,1.1159,False,min_image,,,
6.0,0.4,1.1159,False,min_image,,,
6.0,0.41,1.1159,False,min_image,,,
6.0,0.42,1.1159,False,blowup,,,
6.0,0.43,1.1159,False,blowup,,,
6.0,0.44,1.1159,False,blowup,,,
6.0,0.45,1.1159,False,blowup,,,
6.25,0.3,1.1159,False,min_image,,,
6.25,0.31,1.1159,False,min_image,,,
6.25,0.32,1.1159,False,min_image,,,
6.25,0.33,1.1159,False,min_image,,,
6.25,0.34,1.1159,False,min_image,,,
6.25,0.35,1.1159,False,min_image,,,
6.25,0.36,1.1159,False,min_image,,,
6.25,0.37,1.1159,False,min_image,,,
6.25,0.38,1.1159,False,min_image,,,
6.25,0.39,1.1159,False,min_image,,,
6.25,0.4,1.1159,False,min_image,,,
6.25,0.41,1.1159,False,min_image,,,
6.25,0.42,1.1159,False,blowup,,,
6.25,0.43,1.1159,False,blowup,,,
6.25,0.44,1.1159,False,blowup,,,
6.25,0.45,1.1159,False,blowup,,,
6.5,0.3,1.1159,False,min_image,,,
6.5,0.31,1.1159,False,min_image,,,
6.5,0.32,1.1159,False,min_image,,,
6.5,0.33,1.1159,False,min_image,,,
6.5,0.34,1.1159,False,min_image,,,
6.5,0.35,1.1159,False,min_image,,,
6.5,0.36,1.1159,False,min_image,,,
6.5,0.37,1.1159,False,min_image,,,
6.5,0.38,1.1159,False,min_image,,,
6.5,0.39,1.1159,False,min_image,,,
6.5,0.4,1.1159,False,min_image,,,
6.5,0.41,1.1159,False,min_image,,,
6.5,0.42,1.1159,False,blowup,,,
6.5,0.43,1.1159,False,blowup,,,
6.5,0.44,1.1159,False,blowup,,,
6.5,0.45,1.1159,False,blowup,,,
6.75,0.3,1.1159,False,min_image,,,
6.75,0.31,1.1159,False,min_image,,,
6.75,0.32,1.1159,False,min_image,,,
6.75,0.33,1.1159,False,min_image,,,
6.75,0.34,1.1159,False,min_image,,,
6.75,0.35,1.1159,False,min_image,,,
6.75,0.36,1.1159,False,min_image,,,
6.75,0.37,1.1159,False,min_image,,,
6.75,0.38,1.1159,False,min_image,,,
6.75,0.39,1.1159,False,min_image,,,
6.75,0.4,1.1159,False,min_image,,,
6.75,0.41,1.1159,False,min_image,,,
6.75,0.42,1.1159,False,blowup,,,
6.75,0.43,1.1159,False,blowup,,,
6.75,0.44,1.1159,False,blowup,,,
6.75,0.45,1.1159,False,blowup,,,
7.0,0.3,1.1159,False,min_image,,,
7.0,0.31,1.1159,False,min_image,,,
7.0,0.32,1.1159,False,min_image,,,
7.0,0.33,1.1159,False,min_image,,,
7.0,0.34,1.1159,False,min_image,,,
7.0,0.35,1.1159,False,min_image,,,
7.0,0.36,1.1159,False,min_image,,,
7.0,0.37,1.1159,False,min_image,,,
7.0,0.38,1.1159,False,min_image,,,
7.0,0.39,1.1159,False,min_image,,,
7.0,0.4,1.1159,False,min_image,,,
7.0,0.41,1.1159,False,min_image,,,
7.0,0.42,1.1159,False,blowup,,,
7.0,0.43,1.1159,False,blowup,,,
7.0,0.44,1.1159,False,blowup,,,
7.0,0.45,1.1159,False,blowup,,,
