seed,step,epsilon,sigma,cutoff_nm,stable,violations,loss,density_kg_m3,hvap_kj_mol,diffusion_cm2_s,energy_drift,temp_rmsd_k,cost_usd,gpu_hours,latency_hours,best_so_far,cumulative_cost
0,1,5.0,0.34,1.1,True,,0.17240953928827138,1573.0382698148967,,8.338316201046161e-07,0.02205862417429926,,0.232728,0.038787962529394364,0.038787962529394364,0.17240953928827138,0.23
0,2,5.0,0.325,1.1,False,min_image,,,,,,,0.028371,0.004728493889172872,0.004728493889172872,0.17240953928827138,0.26
0,3,5.0,0.37,1.1,True,,0.24028407655851983,1588.6555635053028,,1.7866562991673118e-07,0.00748116029772253,,0.223393,0.03723218361536662,0.03723218361536662,0.17240953928827138,0.48
0,4,4.0,0.335,1.1,True,,0.16199360441698635,1413.3990303581197,,5.004433212566885e-06,0.013264432873375951,,0.22799,0.03799828363789452,0.03799828363789452,0.16199360441698635,0.71
0,5,3.0,0.335,1.1,True,,0.24510769769723872,1293.0006174343364,,1.126021282889996e-05,0.0045737810585777736,,0.222966,0.03716097805235121,0.03716097805235121,0.16199360441698635,0.94
0,6,4.4,0.33,1.05,True,,0.152013537221824,1503.7434415443533,,3.2693732092829006e-06,0.0012509335588989177,,0.224985,0.037497563560803734,0.037497563560803734,0.152013537221824,1.16
0,7,4.9,0.333,1.05,True,,0.18017556426024253,1655.0513236247791,,8.772609533203989e-07,0.027682423324794567,,0.225955,0.037659120758374534,0.037659120758374534,0.152013537221824,1.39
0,8,4.4,0.324,1.05,True,,0.18078176724456213,1566.9998524266537,,3.1811194704135855e-06,0.000489690674800511,,0.22733,0.03788836909665002,0.03788836909665002,0.152013537221824,1.61
0,9,4.4,0.335,1.15,False,min_image,,,,,,,0.017286,0.002880924145380656,0.002880924145380656,0.152013537221824,1.63
0,10,4.3,0.338,1.05,True,,0.1254430495587022,1414.1143678329945,,3.5997587668601454e-06,0.00653643123490243,,0.227155,0.03785920162995656,0.03785920162995656,0.1254430495587022,1.86
0,11,4.25,0.344,1.05,True,,0.10595773938349672,1353.3230200512317,,3.9988115639289794e-06,0.01393937694781869,,0.226258,0.037709649403889975,0.037709649403889975,0.10595773938349672,2.08
0,12,4.2,0.35,1.05,True,,0.08932135507391144,1301.6461144725738,,4.5475897563088096e-06,0.0023328168917448044,,0.225005,0.03750077611870236,0.03750077611870236,0.08932135507391144,2.31
0,13,4.15,0.358,1.05,True,,0.08675410295984044,1231.6413342268827,,3.86101171788457e-06,0.007669852334126696,,0.223747,0.037291104992230734,0.037291104992230734,0.08675410295984044,2.53
0,14,4.1,0.366,1.05,True,,0.11641411594303253,1167.2606651739652,,4.954277041529426e-06,0.017101962424630537,,0.224102,0.03735030664338006,0.03735030664338006,0.08675410295984044,2.76
0,15,4.17,0.3546,1.05,True,,0.07449682898794918,1260.358547199136,,3.989827996782526e-06,0.0045024473381482764,,0.225095,0.037515850795639884,0.037515850795639884,0.07449682898794918,2.98
0,16,4.17,0.3546,1.1,True,,0.07011534164182306,1263.7362747791324,,3.6861876782810323e-06,0.011165836708956513,,0.226981,0.03783011747731103,0.03783011747731103,0.07011534164182306,3.21
0,17,4.1,0.357,1.12,True,,0.07881857322723372,1241.6801718545896,,3.2549958765781496e-06,0.004078756388155455,,0.235698,0.039282986124356586,0.039282986124356586,0.07011534164182306,3.45
0,18,4.17,0.3546,1.12,True,,0.069110151269216,1267.3905050190747,,4.117093427292655e-06,0.00161941306513936,,0.167687,0.02794786751270294,0.02794786751270294,0.069110151269216,3.61
0,19,4.19,0.3546,1.18,True,,0.06342425675733863,1277.0207350194496,,4.088294311634685e-06,0.00913709809878298,,0.135339,0.022556547787454393,0.022556547787454393,0.06342425675733863,3.75
0,20,4.19,0.356,1.2,True,,0.05516497178393032,1263.6714009559341,,3.4992676089169127e-06,0.0005251657506098709,,0.192708,0.032117958135075036,0.032117958135075036,0.05516497178393032,3.94
1,1,4.5,0.33,1.1,True,,0.14788656149393578,1543.3157326121004,,2.344638579413787e-06,0.0016950462532944145,,0.308402,0.051400283310148454,0.051400283310148454,0.14788656149393578,0.31
1,2,4.5,0.315,1.1,True,,0.22601554644393038,1722.5247810940166,,2.423239128841644e-06,0.005071423534434529,,0.303766,0.05062766750653585,0.05062766750653585,0.14788656149393578,0.61
1,3,4.5,0.35,1.1,True,,0.09111230394730381,1447.9975898594737,,1.2040825995359518e-06,0.0182558900347636,,0.313881,0.05231357971827189,0.05231357971827189,0.09111230394730381,0.93
1,4,4.5,0.375,1.1,True,,0.0030461344599114403,1261.4494167276214,,9.333432752211647e-07,0.00415743325532767,,0.328407,0.05473452806472778,0.05473452806472778,0.0030461344599114403,1.25
1,5,4.5,0.38,1.1,True,,0.010614029388179624,1273.8150895678007,,7.66461962799094e-07,0.00895467757469577,,0.325216,0.054202600253952876,0.054202600253952876,0.0030461344599114403,1.58
1,6,4.5,0.373,1.1,True,,0.06307574983237801,1394.576441455431,,8.69337877591077e-07,0.008337805429857473,,0.313889,0.05231483280658722,0.05231483280658722,0.0030461344599114403,1.89
1,7,4.8,0.375,1.1,True,,0.236886425398407,1632.1820550862276,,1.8904438188791977e-07,0.01455663502722481,,0.323434,0.053905629714330036,0.053905629714330036,0.0030461344599114403,2.22
1,8,4.4,0.377,1.1,True,,0.07255218060916266,1136.7776259330074,,2.4533368778915684e-06,0.013628527776129726,,0.322234,0.053705600566334194,0.053705600566334194,0.0030461344599114403,2.54
1,9,4.5,0.3765,1.1,True,,0.0671830100595261,1385.7658883728898,,3.615149030044481e-07,0.009168530902852514,,0.323654,0.0539422611395518,0.0539422611395518,0.0030461344599114403,2.86
1,10,4.5,0.375,1.15,True,,0.06223582282210556,1364.2533919351183,,3.0817949885275024e-07,0.008135846855900915,,0.317335,0.05288911779721578,0.05288911779721578,0.0030461344599114403,3.18
1,11,4.5,0.3775,1.1,True,,0.012380396158234799,1238.4411409206195,,1.6417759675801185e-06,0.007247222722425103,,0.324279,0.05404646688037448,0.05404646688037448,0.0030461344599114403,3.5
1,12,4.5,0.3755,1.1,True,,0.032550236707560055,1191.6747601701409,,1.465419593234984e-06,0.010213646130516639,,0.326227,0.054371190071105954,0.054371190071105954,0.0030461344599114403,3.83
1,13,4.5,0.375,1.05,True,,0.01978718531938428,1281.5578944892013,,2.395150838328824e-06,0.006126560216408447,,0.296718,0.04945304724905226,0.04945304724905226,0.0030461344599114403,4.13
1,14,4.55,0.3745,1.1,True,,0.020214613861851066,1210.4492949398957,,1.3147191666750943e-06,0.010112349004432572,,0.308322,0.051386982533666824,0.051386982533666824,0.0030461344599114403,4.44
1,15,4.5,0.377,1.1,True,,0.029498045092300505,1317.708493006519,,4.936152639090122e-07,0.00199467382876141,,0.320625,0.05343747138977051,0.05343747138977051,0.0030461344599114403,4.76
1,16,4.5,0.374,1.1,True,,0.01127845409463507,1277.189726512928,,1.4429140604252177e-06,0.003683414056460489,,0.314863,0.05247715089056227,0.05247715089056227,0.0030461344599114403,5.07
1,17,4.5,0.3745,1.1,True,,0.04572832806081836,1173.3379216866567,,2.3625188079741357e-06,0.018114069983422083,,0.25032,0.041720081170399985,0.041720081170399985,0.0030461344599114403,5.32
1,18,4.5,0.3748,1.1,True,,0.05208412466728077,1157.829337076845,,2.9024365301656637e-06,0.0018102323919412916,,0.194217,0.032369475033548145,0.032369475033548145,0.0030461344599114403,5.52
1,19,4.5,0.3752,1.1,True,,0.002308831411842053,1254.9689917656976,,1.3831175005397378e-06,0.0024923779362416984,,0.163818,0.02730295717716217,0.02730295717716217,0.002308831411842053,5.68
1,20,4.5,0.3751,1.1,True,,0.006799018473923067,1271.6559335696197,,1.6586985597713195e-06,0.004327769376974137,,0.152837,0.025472835567262438,0.025472835567262438,0.002308831411842053,5.83
10,1,5.5,0.34,1.1,False,min_image,,,,,,,0.005226,0.0008709719445970323,0.0008709719445970323,,0.01
10,2,4.0,0.36,0.9,True,,0.16321603688385533,1171.6446374362008,,6.169820461467957e-06,0.005466872700853828,,0.168605,0.02810081468688117,0.02810081468688117,0.16321603688385533,0.17
10,3,5.0,0.385,1.1,True,,0.3565727383748213,1730.7775337552434,,1.8871605288943612e-07,0.013437740770268288,,0.178287,0.02971442805396186,0.02971442805396186,0.16321603688385533,0.35
10,4,4.0,0.335,0.9,True,,0.1814888699677143,1385.495080887629,,5.682654344531011e-06,0.0013474038339521977,,0.169962,0.028326962523990206,0.028326962523990206,0.16321603688385533,0.52
10,5,3.2,0.345,1.0,True,,0.2263588138702645,1224.5449455276728,,8.838315112097759e-06,0.014249831478309305,,0.170925,0.02848750584655338,0.02848750584655338,0.16321603688385533,0.69
10,6,5.4,0.37,1.0,False,blowup,,,,,,,0.065116,0.010852642787827386,0.010852642787827386,0.16321603688385533,0.76
10,7,4.5,0.365,0.95,True,,0.04964412911821065,1285.94249678183,,1.7316721287470362e-06,0.010837668475971462,,0.179175,0.029862483541170756,0.029862483541170756,0.04964412911821065,0.94
10,8,4.8,0.3675,0.95,True,,0.11467649394324138,1493.950596203374,,2.2695483827739972e-07,0.013442422185024687,,0.176025,0.029337507883707682,0.029337507883707682,0.04964412911821065,1.11
10,9,4.3,0.365,0.95,True,,0.10227602367632549,1189.12273737544,,3.861709152610263e-06,0.016762513140418423,,0.172351,0.028725167247984143,0.028725167247984143,0.04964412911821065,1.29
10,10,4.5,0.3575,0.95,True,,0.0783497925648653,1343.4205099853325,,2.0215828594350433e-06,0.0073413416356608845,,0.172718,0.028786328103807237,0.028786328103807237,0.04964412911821065,1.46
10,11,4.5,0.37,0.95,True,,0.08775815713122423,1155.00563874056,,2.5642459673962847e-06,0.009746736961929129,,0.170677,0.028446243935161167,0.028446243935161167,0.04964412911821065,1.63
10,12,4.55,0.363,0.95,True,,0.04523248395412929,1277.1555139176608,,2.1646143747598096e-06,0.010269698286769439,,0.17147,0.02857828034294976,0.02857828034294976,0.04523248395412929,1.8
10,13,4.6,0.362,0.95,True,,0.05745895133809389,1335.8454590273257,,1.7990467141308292e-06,0.009244134351061582,,0.173577,0.02892947918838925,0.02892947918838925,0.04523248395412929,1.97
10,14,4.55,0.363,1.05,True,,0.12259775032209075,1546.1322530282173,,4.260940254248286e-07,0.010871283693130795,,0.174293,0.02904882080025143,0.02904882080025143,0.04523248395412929,2.15
10,15,4.55,0.363,0.9,True,,0.080141759561199,1199.1716709775149,,3.103248089242604e-06,0.016642716006138147,,0.17059,0.028431668877601624,0.028431668877601624,0.04523248395412929,2.32
10,16,4.53,0.3645,0.95,True,,0.05765178368156529,1223.911672226011,,2.671034385479554e-06,0.021980688357844926,,0.171422,0.028570375574959648,0.028570375574959648,0.04523248395412929,2.49
10,17,4.55,0.3625,0.96,True,,0.05580048351610355,1321.9975100378842,,1.5380082225517112e-06,0.0013214685444217136,,0.172068,0.028677969243791367,0.028677969243791367,0.04523248395412929,2.66
10,18,4.52,0.3635,0.945,True,,0.0493446436909942,1271.3847737257754,,2.033973702687501e-06,0.002898231585425265,,0.166406,0.02773439473576016,0.02773439473576016,0.04523248395412929,2.83
10,19,4.56,0.3628,0.955,True,,0.05934502535815242,1328.1448124059689,,1.412266555924099e-06,0.02828545975087158,,0.161902,0.026983596483866373,0.026983596483866373,0.04523248395412929,2.99
10,20,4.56,0.3633,0.9475,True,,0.07362371474773553,1356.0295751587867,,1.3419480279644108e-06,0.0067216965059471905,,0.147374,0.02456237448586358,0.02456237448586358,0.04523248395412929,3.14
11,1,4.5,0.335,1.1,True,,0.11934810313619577,1478.360832122088,,2.3973287650694397e-06,0.008715411074983703,,0.18116,0.0301933264070087,0.0301933264070087,0.11934810313619577,0.18
11,2,6.0,0.345,1.1,False,min_image,,,,,,,0.004701,0.0007835663689507379,0.0007835663689507379,0.11934810313619577,0.19
11,3,4.5,0.36,1.1,True,,0.023820402393361445,1272.6457182785946,,2.127162058910572e-06,0.016133474770528174,,0.175281,0.029213548964924282,0.029213548964924282,0.023820402393361445,0.36
11,4,4.5,0.372,1.1,True,,0.031039252121857992,1206.1799366659377,,1.7928394850335393e-06,0.005039992528688334,,0.163778,0.02729631417327457,0.02729631417327457,0.023820402393361445,0.52
11,5,5.2,0.376,1.1,False,min_image,,,,,,,0.090841,0.01514017833603753,0.01514017833603753,0.023820402393361445,0.62
11,6,4.7,0.364,1.1,True,,0.09922318575855643,1437.072255768002,,1.1759493063587047e-06,0.0005104535509387238,,0.170069,0.028344864977730644,0.028344864977730644,0.023820402393361445,0.79
11,7,4.4,0.366,1.1,True,,0.047183382071523276,1211.5524360866311,,2.2913080701812276e-06,0.008563586426160038,,0.174001,0.029000147514873082,0.029000147514873082,0.023820402393361445,0.96
11,8,4.5,0.363,1.1,True,,0.026388931122579992,1290.8773679690357,,1.6155074990733006e-06,0.01133173267046364,,0.173795,0.02896579530504015,0.02896579530504015,0.023820402393361445,1.13
11,9,4.5,0.357,1.1,True,,0.05337936150123987,1349.6006658254867,,1.909290475590478e-06,0.01921495338891172,,0.180795,0.03013255973656972,0.03013255973656972,0.023820402393361445,1.31
11,10,4.45,0.3615,1.1,True,,0.0329526918225794,1239.7119893960191,,3.068160176003864e-06,0.027085144972971674,,0.178288,0.029714710315068563,0.029714710315068563,0.023820402393361445,1.49
11,11,4.5,0.36,1.14,True,,0.06068657698456341,1409.217365113876,,1.1210233970659913e-06,0.010741701346020796,,0.17801,0.029668376114633348,0.029668376114633348,0.023820402393361445,1.67
11,12,4.5,0.36,1.05,True,,0.027910099403949454,1257.210620520567,,3.0907638298331133e-06,0.007662310307931952,,0.172993,0.028832108577092487,0.028832108577092487,0.023820402393361445,1.84
11,13,4.52,0.3665,1.1,True,,0.01860800285000566,1238.3120256819886,,2.509635396361633e-06,0.0012861664296506567,,0.176516,0.029419364399380154,0.029419364399380154,0.01860800285000566,2.02
11,14,4.54,0.369,1.1,True,,0.017744881071293687,1231.0975048615078,,1.556609590592819e-06,0.00617077352676014,,0.177627,0.02960456218984392,0.02960456218984392,0.017744881071293687,2.2
11,15,4.56,0.371,1.1,True,,0.003922683438683782,1253.4643530467133,,1.8580837187425536e-06,0.0017477279513347928,,0.173713,0.02895213358932071,0.02895213358932071,0.003922683438683782,2.37
11,16,4.58,0.3725,1.1,True,,0.026159636798821568,1196.1799907571096,,1.638473391348739e-06,0.014315632848825555,,0.176386,0.029397697779867383,0.029397697779867383,0.003922683438683782,2.55
11,17,4.565,0.3715,1.1,True,,0.02978757370804569,1190.6953951102305,,2.668659142300097e-06,0.0005510267295171374,,0.176228,0.029371363321940104,0.029371363321940104,0.003922683438683782,2.72
11,18,4.55,0.3705,1.1,True,,0.025847544422724397,1204.130528879764,,2.227242161071321e-06,0.015041397071542137,,0.176092,0.029348659250471327,0.029348659250471327,0.003922683438683782,2.9
11,19,4.57,0.3712,1.1,True,,0.004414218119019193,1257.116363869054,,2.016786795351663e-06,0.005841630622190127,,0.174896,0.029149268865585328,0.029149268865585328,0.003922683438683782,3.08
11,20,4.556,0.3711,1.1,True,,0.030031315774476083,1193.633486155358,,2.0888955268559375e-06,0.005554484251844789,,0.174495,0.02908250802093082,0.02908250802093082,0.003922683438683782,3.25
2,1,5.0,0.37,1.1,True,,0.24721324862569927,1596.112291690186,,7.751236277442536e-08,0.01022615937722987,,0.306973,0.05116215699248844,0.05116215699248844,0.24721324862569927,0.31
2,2,5.5,0.335,1.1,False,min_image,,,,,,,0.012869,0.002144793603155348,0.002144793603155348,0.24721324862569927,0.32
2,3,4.5,0.348,1.0,True,,0.07462488636908193,1341.7384488369385,,2.475775080473071e-06,0.0005919878254746049,,0.298548,0.049758060839441086,0.049758060839441086,0.07462488636908193,0.62
2,4,4.9,0.345,1.0,True,,0.11841054554800293,1508.671884281453,,6.55286675122635e-07,0.0025842827081325797,,0.313294,0.05221570524904463,0.05221570524904463,0.07462488636908193,0.93
2,5,4.2,0.352,1.0,True,,0.08650774804638545,1275.5241134324383,,3.2235854991812197e-06,0.0034477996660745515,,0.321825,0.05363751881652408,0.05363751881652408,0.07462488636908193,1.25
2,6,4.55,0.3495,1.1,True,,0.05312091453872151,1349.8414037353732,,2.9030139732476485e-06,0.00587015096742061,,0.328366,0.05472758584552341,0.05472758584552341,0.05312091453872151,1.58
2,7,4.6,0.354,1.15,True,,0.059355183980511476,1397.1617932555005,,1.4058114877521979e-06,0.007521191335096293,,0.321215,0.0535357963376575,0.0535357963376575,0.05312091453872151,1.9
2,8,4.55,0.354,1.1,True,,0.04288456955016823,1331.3973678370933,,2.4907964538550455e-06,0.0005237571073608752,,0.329724,0.054953993890020585,0.054953993890020585,0.04288456955016823,2.23
2,9,4.55,0.3585,1.1,True,,0.0205429701109554,1278.3539491853371,,2.1452619461991597e-06,0.013417316100771232,,0.329984,0.05499732825491163,0.05499732825491163,0.0205429701109554,2.56
2,10,4.55,0.363,1.1,True,,0.01951746112958454,1289.353050768728,,1.3930187952971406e-06,0.0083901966017141,,0.319979,0.05332989414532979,0.05332989414532979,0.01951746112958454,2.88
2,11,4.55,0.3665,1.1,True,,0.02029818878992861,1229.7578852489487,,2.804495171588529e-06,0.0010157298456936541,,0.32031,0.05338503334257338,0.05338503334257338,0.01951746112958454,3.2
2,12,4.4,0.363,1.1,True,,0.04477423990661318,1224.3365562863373,,2.792121400398473e-06,0.017283786636862728,,0.33002,0.055003264943758644,0.055003264943758644,0.01951746112958454,3.53
2,13,4.68,0.3605,1.1,True,,0.03398322716434705,1318.7297371418704,,2.4748130812295204e-06,0.01607478658260741,,0.318382,0.05306358397006988,0.05306358397006988,0.01951746112958454,3.85
2,14,4.55,0.363,1.15,True,,0.026100612808357154,1322.464004342352,,2.7286607726480753e-06,0.0016339259762890128,,0.306043,0.051007131669256425,0.051007131669256425,0.01951746112958454,4.16
2,15,4.55,0.363,1.05,True,,0.02318776921095845,1276.766033858419,,2.184527260592927e-06,0.0034847953851226223,,0.304569,0.05076146225134532,0.05076146225134532,0.01951746112958454,4.46
2,16,4.57,0.3635,1.09,True,,0.00945605661641908,1262.5587459525182,,2.3640836353296127e-06,0.004863532465919608,,0.325452,0.05424200031492445,0.05424200031492445,0.00945605661641908,4.79
2,17,4.59,0.364,1.08,True,,0.008358900037923066,1266.1697422911411,,2.0629355941863946e-06,0.00028864272883444574,,0.302272,0.050378622545136344,0.050378622545136344,0.008358900037923066,5.09
2,18,4.61,0.3645,1.07,True,,0.023280499354124767,1309.002616969203,,1.6607545113733009e-06,0.009300498184952651,,0.23405,0.03900839083724552,0.03900839083724552,0.008358900037923066,5.32
2,19,4.581,0.3638,1.084,True,,0.010082681139668637,1267.513962106754,,2.1785985059877524e-06,0.013627671359138413,,0.183573,0.0305954991446601,0.0305954991446601,0.008358900037923066,5.51
2,20,4.6,0.365,1.08,True,,0.0032320945042467316,1256.1134204631587,,1.678086127237954e-06,0.0042659490070955765,,0.16247,0.02707834608025021,0.02707834608025021,0.0032320945042467316,5.67
3,1,5.0,0.34,1.0,True,,0.2182177419700072,1688.7246938664064,,1.9059480953088647e-07,0.004113401456651943,,0.300912,0.05015205946233538,0.05015205946233538,0.2182177419700072,0.3
3,2,7.0,0.34,1.0,False,min_image,,,,,,,0.008401,0.0014001272122065227,0.0014001272122065227,0.2182177419700072,0.31
3,3,3.5,0.34,1.0,True,,0.1931487599686153,1303.6468478739246,,9.943147308296328e-06,0.004270367660057549,,0.298866,0.04981107665432824,0.04981107665432824,0.1931487599686153,0.61
3,4,5.0,0.365,1.0,True,,0.1860349492879394,1558.0865021807347,,1.1707835830063104e-07,0.021239054310325276,,0.224326,0.037387607296307884,0.037387607296307884,0.1860349492879394,0.83
3,5,5.0,0.4,1.0,True,,0.20650559449585495,1471.8717592386026,,1.0462016714835201e-07,0.0010002422049432244,,0.314654,0.05244236555364397,0.05244236555364397,0.1860349492879394,1.15
3,6,3.5,0.365,1.0,True,,0.22801022569193768,1109.0603499085232,,9.540576352673937e-06,0.007751084102512158,,0.316355,0.05272579246097141,0.05272579246097141,0.1860349492879394,1.46
3,7,6.0,0.385,1.0,False,blowup,,,,,,,0.013378,0.002229662471347385,0.002229662471347385,0.1860349492879394,1.48
3,8,5.5,0.365,1.1,False,min_image,,,,,,,0.01889,0.0031483607821994357,0.0031483607821994357,0.1860349492879394,1.5
3,9,5.2,0.374,1.0,True,,0.3912485592293291,1829.3648780823019,,7.277471645516668e-08,0.006981317771788386,,0.320685,0.053447538283136156,0.053447538283136156,0.1860349492879394,1.82
3,10,5.0,0.365,1.1,False,min_image,,,,,,,0.256365,0.04272756139437357,0.04272756139437357,0.1860349492879394,2.07
3,11,5.6,0.358,0.95,False,blowup,,,,,,,0.084106,0.01401768253909217,0.01401768253909217,0.1860349492879394,2.16
3,12,4.8,0.36,1.0,True,,0.09614875420079437,1450.7100607724067,,9.722164520972923e-07,0.012272005334065476,,0.221523,0.03692045503192478,0.03692045503192478,0.09614875420079437,2.38
3,13,4.65,0.356,1.0,True,,0.050709034643114666,1344.6014109045489,,2.2002742489096953e-06,0.017769809741837058,,0.259991,0.04333182526959313,0.04333182526959313,0.050709034643114666,2.64
3,14,4.5,0.352,1.0,True,,0.0652668715082896,1325.3077911819082,,2.1057508673785983e-06,0.020827191958610502,,0.314771,0.05246177328957452,0.05246177328957452,0.050709034643114666,2.95
3,15,4.61,0.355,1.0,True,,0.05742996912349041,1345.5489414892527,,2.1794958343381897e-06,0.002864800914472973,,0.297297,0.04954947392145793,0.04954947392145793,0.050709034643114666,3.25
3,16,4.66,0.359,1.0,True,,0.04609023819921067,1347.1794259968017,,1.3192065182776984e-06,0.009702414443034975,,0.311074,0.05184570504559411,0.05184570504559411,0.04609023819921067,3.56
3,17,4.64,0.362,1.0,True,,0.054014064185902204,1379.618573147261,,3.6603581171365883e-07,0.005778841543164186,,0.294806,0.04913431253698137,0.04913431253698137,0.04609023819921067,3.86
3,18,4.6,0.36,1.0,True,,0.026883442438769885,1268.3560330394241,,2.762195347244652e-06,0.0020231933112005935,,0.302373,0.050395494500796,0.050395494500796,0.026883442438769885,4.16
3,19,4.55,0.361,1.0,True,,0.0368423642887442,1241.5956547206497,,3.970043414327019e-06,0.007797414629864465,,0.316161,0.052693552176157635,0.052693552176157635,0.026883442438769885,4.47
3,20,4.58,0.3625,1.0,True,,0.03622620970112233,1289.9973747116164,,2.8398435234021275e-06,0.01658554705087926,,0.307542,0.05125698606173197,0.05125698606173197,0.026883442438769885,4.78
4,1,5.5,0.34,1.1,False,min_image,,,,,,,0.006565,0.0010941520002153184,0.0010941520002153184,,0.01
4,2,4.0,0.33,1.0,True,,0.19007018873448822,1449.8568210748788,,4.073080359551459e-06,0.010426972610050371,,0.174553,0.02909215490023295,0.02909215490023295,0.19007018873448822,0.18
4,3,5.0,0.335,1.05,True,,0.2320872178476701,1721.630090060059,,8.010685589472313e-07,0.005058711367265471,,0.180475,0.03007909244961209,0.03007909244961209,0.19007018873448822,0.36
4,4,3.0,0.328,1.05,True,,0.27452428600996354,1353.5067165078272,,1.200988567119932e-05,0.019770436670246784,,0.17648,0.029413393272293937,0.029413393272293937,0.19007018873448822,0.54
4,5,4.8,0.348,1.05,True,,0.13810003566967943,1544.7603886864083,,5.712377910580415e-07,0.0003074122403614463,,0.169349,0.028224866191546124,0.028224866191546124,0.13810003566967943,0.71
4,6,4.8,0.358,1.05,True,,0.1521704930819755,1539.3741741084943,,2.0183650827167396e-07,0.026934948860439182,,0.171392,0.028565256396929424,0.028565256396929424,0.13810003566967943,0.88
4,7,5.6,0.35,1.0,False,blowup,,,,,,,0.030443,0.005073868566089206,0.005073868566089206,0.13810003566967943,0.91
4,8,4.4,0.35,1.05,True,,0.07333989739560194,1326.4814406716769,,2.808478587409714e-06,0.00016356341552722708,,0.183269,0.03054481029510498,0.03054481029510498,0.07333989739560194,1.09
4,9,4.1,0.352,1.05,True,,0.09078394161661955,1271.1167243160794,,4.235142349862749e-06,0.006066574604758723,,0.179148,0.02985800087451935,0.02985800087451935,0.07333989739560194,1.27
4,10,4.55,0.346,1.05,True,,0.09859539516751406,1454.6694489045033,,1.646696419536093e-06,0.0015402816109378287,,0.176735,0.02945590807331933,0.02945590807331933,0.07333989739560194,1.45
4,11,4.35,0.355,1.05,True,,0.06024742477351323,1285.8721455872517,,3.24355848320873e-06,0.013944038825548297,,0.175984,0.029330654674106175,0.029330654674106175,0.06024742477351323,1.62
4,12,4.3,0.36,1.05,True,,0.06513769854583355,1234.158955516291,,4.438293279506941e-06,0.012688752407210459,,0.174183,0.02903052442603641,0.02903052442603641,0.06024742477351323,1.8
4,13,4.32,0.3575,1.05,True,,0.05209848249885044,1255.6498065411238,,2.4603560514786944e-06,0.009919353616016787,,0.17372,0.028953297734260558,0.028953297734260558,0.05209848249885044,1.97
4,14,4.36,0.3585,1.05,True,,0.049504389653777923,1263.1088661509548,,3.350296123110202e-06,0.009407447565516243,,0.175796,0.02929926978217231,0.02929926978217231,0.049504389653777923,2.15
4,15,4.4,0.36,1.05,True,,0.0438245683926991,1252.620448051407,,3.0778221535475685e-06,0.005714061171113904,,0.17265,0.02877494474252065,0.02877494474252065,0.0438245683926991,2.32
4,16,4.45,0.3625,1.05,True,,0.04169707953786313,1233.1761684647167,,2.721102772057288e-06,0.021836312383343374,,0.175032,0.029171968036227756,0.029171968036227756,0.04169707953786313,2.5
4,17,4.5,0.365,1.05,True,,0.02251706678926913,1264.199807730212,,2.1091932420192165e-06,0.006783768360264155,,0.174891,0.02914842552608914,0.02914842552608914,0.02251706678926913,2.67
4,18,4.6,0.37,1.05,True,,0.010378249712494165,1276.2365572644724,,1.2770396038241842e-06,0.006592884664161641,,0.174156,0.029026026990678574,0.029026026990678574,0.010378249712494165,2.84
4,19,4.7,0.375,1.05,True,,0.07794978223075455,1374.9438614575188,,2.902202255070762e-07,0.017596970316448336,,0.169525,0.02825414114528232,0.02825414114528232,0.010378249712494165,3.01
4,20,4.65,0.372,1.05,True,,0.05161317923460439,1350.3663290524144,,6.47483709922709e-07,7.388042667142046e-05,,0.170905,0.028484142687585617,0.028484142687585617,0.010378249712494165,3.19
5,1,4.5,0.33,1.05,True,,0.14339784532369276,1519.376677183595,,2.308698839879876e-06,0.0037658627845322617,,0.182661,0.03044355359342363,0.03044355359342363,0.14339784532369276,0.18
5,2,5.2,0.325,1.1,False,min_image,,,,,,,0.014053,0.0023421177599165176,0.0023421177599165176,0.14339784532369276,0.2
5,3,6.0,0.345,1.0,False,min_image,,,,,,,0.011471,0.0019118658039304944,0.0019118658039304944,0.14339784532369276,0.21
5,4,5.0,0.355,1.05,True,,0.1720038096800936,1537.657958053517,,5.589128793265404e-07,0.015146225837544757,,0.167487,0.02791456944412655,0.02791456944412655,0.14339784532369276,0.38
5,5,4.5,0.345,1.05,True,,0.09142792257404649,1407.2566544619835,,2.6895884447323646e-06,0.0011759807160371051,,0.17953,0.029921730293167963,0.029921730293167963,0.09142792257404649,0.56
5,6,4.5,0.3575,1.05,True,,0.03754980897023483,1284.0201336672478,,3.21879516252644e-06,0.007823346792666185,,0.170791,0.028465233974986605,0.028465233974986605,0.03754980897023483,0.73
5,7,4.5,0.37,1.05,True,,0.0472233618077453,1195.8686984879096,,3.053855295791355e-06,0.009057336218230147,,0.165389,0.027564911113844976,0.027564911113844976,0.03754980897023483,0.89
5,8,4.5,0.362,1.05,True,,0.03601466758257156,1232.4181848605704,,2.437307302283981e-06,0.005758992552372314,,0.182426,0.030404328571425544,0.030404328571425544,0.03601466758257156,1.07
5,9,4.2,0.362,1.05,True,,0.08742457203285606,1208.6679109842974,,3.0575083164772904e-06,0.025515856268359217,,0.178742,0.02979036781522963,0.02979036781522963,0.03601466758257156,1.25
5,10,4.7,0.362,1.05,True,,0.09380381448129815,1442.0777876762738,,2.983428794137241e-07,0.01934022590627691,,0.176537,0.02942291451825036,0.02942291451825036,0.03601466758257156,1.43
5,11,4.45,0.3625,1.05,True,,0.04736534827852558,1223.4577393199907,,3.349714349816998e-06,0.0046226601744451335,,0.176033,0.029338845014572144,0.029338845014572144,0.03601466758257156,1.61
5,12,4.5,0.362,1.1,True,,0.025634599532780276,1237.548739706433,,3.0985499884074094e-06,0.007180815888789988,,0.176776,0.029462589422861736,0.029462589422861736,0.025634599532780276,1.78
5,13,4.5,0.362,1.15,True,,0.016451745687867038,1276.9878791534993,,2.1280067267383762e-06,0.02184079212690841,,0.17857,0.029761588838365344,0.029761588838365344,0.016451745687867038,1.96
5,14,4.5,0.362,1.19,True,,0.007149408043122613,1268.2613198964139,,1.849359629848006e-06,0.003184982920140564,,0.180332,0.030055294434229534,0.030055294434229534,0.007149408043122613,2.14
5,15,4.5,0.364,1.2,False,min_image,,,,,,,0.009064,0.0015107391940222847,0.0015107391940222847,0.007149408043122613,2.15
5,16,4.5,0.366,1.19,True,,0.0036072779099973386,1251.384540351021,,2.345286454900091e-06,0.013689664491927826,,0.179207,0.029867887563175627,0.029867887563175627,0.0036072779099973386,2.33
5,17,4.5,0.369,1.19,True,,0.0036519148930286615,1255.8718803900276,,1.609859209456666e-06,0.018148214146128824,,0.17922,0.029870015051629808,0.029870015051629808,0.0036072779099973386,2.51
5,18,4.5,0.3675,1.19,True,,0.009355573299345065,1237.637968972016,,2.898950051786852e-06,0.010402692367860346,,0.178847,0.02980778223938412,0.02980778223938412,0.0036072779099973386,2.69
5,19,4.55,0.3665,1.19,True,,0.017372709347189312,1281.9048033622182,,1.7279862662943462e-06,0.030159520175140665,,0.178592,0.029765271147092185,0.029765271147092185,0.0036072779099973386,2.87
5,20,4.48,0.367,1.19,True,,0.011567696450360907,1238.3659487343396,,2.2218823551251164e-06,0.005046675682426314,,0.177383,0.029563785526487564,0.029563785526487564,0.0036072779099973386,3.04
6,1,4.5,0.32,1.05,True,,0.1929151460804327,1626.4205817578757,,3.6578985962666804e-06,0.01805893417944251,,0.180654,0.03010897715886434,0.03010897715886434,0.1929151460804327,0.18
6,2,6.5,0.332,1.05,False,min_image,,,,,,,0.004857,0.0008094839255015056,0.0008094839255015056,0.1929151460804327,0.19
6,3,5.5,0.345,0.95,True,,0.3958323531112066,1899.964013482784,,3.1209690177574367e-07,0.01684660704896479,,0.175368,0.029227943354182773,0.029227943354182773,0.1929151460804327,0.36
6,4,4.2,0.335,1.1,True,,0.144253717961509,1441.7045853710706,,3.125756573041277e-06,0.004148334754619147,,0.175075,0.02917918304602305,0.02917918304602305,0.144253717961509,0.54
6,5,4.3,0.345,1.15,True,,0.09550462100998053,1380.4357173979258,,2.678778420715514e-06,0.018243205971383784,,0.17037,0.02839498890770806,0.02839498890770806,0.09550462100998053,0.71
6,6,4.8,0.36,1.2,False,min_image,,,,,,,0.003795,0.0006325761477152507,0.0006325761477152507,0.09550462100998053,0.71
6,7,5.2,0.362,1.15,False,min_image,,,,,,,0.006406,0.0010675869385401407,0.0010675869385401407,0.09550462100998053,0.72
6,8,4.55,0.353,1.15,True,,0.10333070991344714,1497.9331945341596,,5.460745154293572e-07,0.0032812878100380127,,0.168048,0.028007987472746108,0.028007987472746108,0.09550462100998053,0.88
6,9,4.4,0.3485,1.16,True,,0.09932989767714476,1437.7748312498054,,2.056333083794351e-06,0.00358297827616068,,0.184266,0.03071093671851688,0.03071093671851688,0.09550462100998053,1.07
6,10,4.1,0.346,1.16,True,,0.10386342617466181,1334.3436306087838,,5.018365121512603e-06,0.0045885448485294845,,0.182194,0.03036572754383087,0.03036572754383087,0.09550462100998053,1.25
6,11,4.35,0.347,1.18,False,min_image,,,,,,,0.005097,0.0008495444721645779,0.0008495444721645779,0.09550462100998053,1.26
6,12,4.3,0.342,1.16,True,,0.10647960836859499,1401.9251588476973,,2.767225805077752e-06,0.0072043608659386185,,0.178684,0.029780603647232055,0.029780603647232055,0.09550462100998053,1.43
6,13,4.32,0.3475,1.15,True,,0.09515882204101161,1389.1907970846826,,2.4018795759697845e-06,0.00441119719841724,,0.177277,0.02954609672228495,0.02954609672228495,0.09515882204101161,1.61
6,14,4.3,0.352,1.15,True,,0.07625235607487083,1341.1774303908192,,3.293508541545075e-06,0.008944119551332088,,0.177455,0.02957590719064077,0.02957590719064077,0.07625235607487083,1.79
6,15,4.3,0.358,1.15,True,,0.04951400616380901,1283.8609500802636,,2.8281522755763908e-06,0.026634149561414872,,0.176571,0.029428531991110906,0.029428531991110906,0.04951400616380901,1.97
6,16,4.3,0.366,1.15,True,,0.05721350110237588,1207.3763715876887,,2.868114253727512e-06,0.016059349932391786,,0.176796,0.029465966092215645,0.029465966092215645,0.04951400616380901,2.14
6,17,4.3,0.3615,1.15,True,,0.049229502572452,1232.664553188208,,3.4787882929850184e-06,0.0013720903315036252,,0.177633,0.02960544142458174,0.02960544142458174,0.049229502572452,2.32
6,18,4.15,0.3605,1.15,True,,0.07236713598324711,1225.6365597667332,,3.432611747751875e-06,0.002723199796589489,,0.177693,0.02961549162864685,0.02961549162864685,0.049229502572452,2.5
6,19,4.4,0.36,1.15,True,,0.041429863282425344,1309.054240691731,,1.746409009524985e-06,0.0008665790516347924,,0.177359,0.029559868375460308,0.029559868375460308,0.041429863282425344,2.68
6,20,4.5,0.361,1.15,True,,0.03762165603031646,1334.0021896833903,,1.6296570249065184e-06,0.006670588601830867,,0.177419,0.0295698391728931,0.0295698391728931,0.03762165603031646,2.85
7,1,5.0,0.34,1.1,False,min_image,,,,,,,0.052393,0.008732153044806587,0.008732153044806587,,0.05
7,2,4.2,0.355,1.0,True,,0.08599306380907931,1245.9087723096181,,4.98659068233936e-06,0.002394821297514083,,0.168043,0.028007244997554356,0.028007244997554356,0.08599306380907931,0.22
7,3,4.8,0.362,1.05,True,,0.11441699306033672,1451.2647640671566,,3.49982034945215e-07,0.008266484472028735,,0.177489,0.029581564135021634,0.029581564135021634,0.08599306380907931,0.4
7,4,4.4,0.342,1.0,True,,0.10894694318660797,1389.089298163943,,3.2681132909564635e-06,0.008949753767745776,,0.1748,0.029133355617523192,0.029133355617523192,0.08599306380907931,0.57
7,5,3.8,0.356,1.0,True,,0.15418864203702903,1202.2927799572187,,6.862451322347087e-06,0.007571719197441223,,0.167671,0.02794515609741211,0.02794515609741211,0.08599306380907931,0.74
7,6,4.5,0.3575,1.05,True,,0.03665620810929579,1279.877599559452,,2.916370037354525e-06,0.015616280707627469,,0.173798,0.02896639883518219,0.02896639883518219,0.03665620810929579,0.91
7,7,4.65,0.3585,1.08,True,,0.07607881188620214,1425.043066781441,,1.0225677341021528e-06,0.018699994390029975,,0.16697,0.027828396360079447,0.027828396360079447,0.03665620810929579,1.08
7,8,4.5,0.354,1.05,True,,0.04962342510332385,1307.893174923099,,3.0158052918809505e-06,0.016943439255908407,,0.181101,0.0301834864086575,0.0301834864086575,0.03665620810929579,1.26
7,9,4.5,0.361,1.05,True,,0.02815464589359991,1263.929685021094,,2.8696640905505936e-06,0.005282789562779312,,0.176126,0.02935432195663452,0.02935432195663452,0.02815464589359991,1.44
7,10,4.5,0.366,1.05,True,,0.04363073929403011,1206.6072754611516,,2.518199617114907e-06,0.007842505682053729,,0.174699,0.029116456906000773,0.029116456906000773,0.02815464589359991,1.61
7,11,4.35,0.362,1.05,True,,0.05948567641438164,1223.604765034916,,2.5330748449200486e-06,0.002126794807430338,,0.174109,0.02901811354690128,0.02901811354690128,0.02815464589359991,1.79
7,12,4.53,0.3625,1.05,True,,0.02181025878693486,1255.9824744388454,,2.178561952427834e-06,0.007040182640210491,,0.175234,0.029205596910582648,0.029205596910582648,0.02181025878693486,1.96
7,13,4.56,0.363,1.05,True,,0.025390160437891315,1281.5064480471167,,1.870252894980477e-06,0.011062337380425202,,0.174395,0.02906590501467387,0.02906590501467387,0.02181025878693486,2.14
7,14,4.52,0.3635,1.05,True,,0.046074290384905625,1339.645866938984,,1.1431485908180132e-06,0.022875001459162634,,0.175644,0.029274077812830607,0.029274077812830607,0.02181025878693486,2.31
7,15,4.545,0.3617,1.05,True,,0.032248692128019764,1299.3928680172555,,2.035055330255319e-06,0.004628992836572077,,0.175389,0.02923145830631256,0.02923145830631256,0.02181025878693486,2.49
7,16,4.545,0.3632,1.05,True,,0.02660782542900602,1288.348949558839,,2.0022105322296054e-06,0.009857563543035268,,0.17596,0.029326586061053806,0.029326586061053806,0.02181025878693486,2.66
7,17,4.535,0.3623,1.05,True,,0.02237207405698139,1253.5226085392235,,2.1546204997281028e-06,0.0190494275258933,,0.17517,0.029195029536883035,0.029195029536883035,0.02181025878693486,2.84
7,18,4.525,0.3626,1.05,True,,0.030791923948003903,1292.7149208189953,,1.5942549815236847e-06,0.008721329431081401,,0.175541,0.02925683385796017,0.02925683385796017,0.02181025878693486,3.01
7,19,4.53,0.3625,1.1,True,,0.039078082317174814,1347.6551920151637,,1.442841537550042e-06,0.010479241238576823,,0.174666,0.029110971689224243,0.029110971689224243,0.02181025878693486,3.19
7,20,4.53,0.3625,1.0,True,,0.04171690008236607,1240.0969532866388,,3.4335773228521005e-06,0.00047640897347929527,,0.155583,0.025930429763264127,0.025930429763264127,0.02181025878693486,3.34
8,1,4.5,0.335,1.1,True,,0.11817360316315599,1476.3728990906084,,2.5389666237115385e-06,0.008000415177795032,,0.184264,0.030710588561164008,0.030710588561164008,0.11817360316315599,0.18
8,2,5.5,0.328,1.1,False,min_image,,,,,,,0.004874,0.0008122550116644965,0.0008122550116644965,0.11817360316315599,0.19
8,3,5.3,0.333,1.0,True,,0.2733349638341599,1745.0246607569013,,1.9688229067615098e-07,0.006084560048061209,,0.179099,0.02984988636440701,0.02984988636440701,0.11817360316315599,0.37
8,4,5.2,0.345,1.15,False,min_image,,,,,,,0.004317,0.0007194875346289741,0.0007194875346289741,0.11817360316315599,0.37
8,5,4.9,0.344,1.05,True,,0.18313982269965123,1619.8260927190495,,3.466380943459725e-07,0.005520962994802458,,0.180593,0.03009878310892317,0.03009878310892317,0.11817360316315599,0.55
8,6,4.1,0.33,1.1,True,,0.17406627549526887,1468.8565536804942,,4.452835062951448e-06,0.0011914370023556426,,0.179208,0.029867944717407228,0.029867944717407228,0.11817360316315599,0.73
8,7,4.7,0.34,1.15,False,min_image,,,,,,,0.006531,0.001088447438346015,0.001088447438346015,0.11817360316315599,0.74
8,8,4.5,0.345,1.1,True,,0.09413074910144426,1439.646924790956,,9.357004485402328e-07,0.014696054682720382,,0.185808,0.030968049433496264,0.030968049433496264,0.09413074910144426,0.92
8,9,4.5,0.356,1.1,True,,0.05514567982476454,1350.3955146634144,,1.7257574089704684e-06,0.017294814976923437,,0.179932,0.02998868187268575,0.02998868187268575,0.05514567982476454,1.1
8,10,4.5,0.37,1.1,True,,0.011186476009365719,1266.2905185707266,,1.7245806611170795e-06,1.7042637535844318e-05,,0.17707,0.029511676629384358,0.029511676629384358,0.011186476009365719,1.28
8,11,4.5,0.378,1.1,True,,0.01891470047295712,1216.1648305365222,,1.8593229833126043e-06,0.004646734932644531,,0.175507,0.029251209696133932,0.029251209696133932,0.011186476009365719,1.46
8,12,4.9,0.376,1.1,True,,0.28064879594088865,1678.8972310194906,,1.702452897543209e-07,0.0007130923614635636,,0.177992,0.029665299389097427,0.029665299389097427,0.011186476009365719,1.64
8,13,4.3,0.3715,1.1,True,,0.0803618943078599,1157.0598447248046,,3.4953306220671953e-06,0.0032691195144914737,,0.177765,0.029627565609084236,0.029627565609084236,0.011186476009365719,1.81
8,14,4.5,0.3715,1.1,True,,0.008138217934506045,1256.7954528764108,,1.6678772791717345e-06,0.013870871938741505,,0.174757,0.029126120805740355,0.029126120805740355,0.008138217934506045,1.99
8,15,4.5,0.3735,1.1,True,,0.03966306622637927,1185.936723276169,,2.620911603934649e-06,0.006605004884272705,,0.177273,0.029545452528529696,0.029545452528529696,0.008138217934506045,2.16
8,16,4.55,0.3705,1.1,True,,0.022808644282786762,1305.935435268438,,8.806749081538719e-07,0.009284036117552547,,0.177646,0.02960761997434828,0.02960761997434828,0.008138217934506045,2.34
8,17,4.5,0.3712,1.1,True,,0.036063235511565386,1197.3224472766722,,2.1283777561503344e-06,7.912506454702857e-05,,0.176599,0.029433235261175368,0.029433235261175368,0.008138217934506045,2.52
8,18,4.48,0.3718,1.1,True,,0.026944066694615135,1223.329871357283,,2.1577224352553502e-06,0.01093675597482058,,0.174106,0.029017730289035374,0.029017730289035374,0.008138217934506045,2.69
8,19,4.5,0.3708,1.1,True,,0.015063279971217463,1242.730562693253,,1.909952370214647e-06,0.020639689670216392,,0.175261,0.029210131963094077,0.029210131963094077,0.008138217934506045,2.87
8,20,4.5,0.3722,1.1,True,,0.009804171069856042,1250.983872861165,,1.770565140559713e-06,0.0032668362329482787,,0.154635,0.025772474739286635,0.025772474739286635,0.008138217934506045,3.02
9,1,4.6,0.335,1.0,True,,0.14387810196233672,1541.0657336115898,,1.4864191385667995e-06,0.01189668708882128,,0.179945,0.029990854991806877,0.029990854991806877,0.14387810196233672,0.18
9,2,5.6,0.33,1.15,False,min_image,,,,,,,0.003227,0.0005378289355172051,0.0005378289355172051,0.14387810196233672,0.18
9,3,5.1,0.33,1.0,True,,0.2762935792568524,1818.9002907622148,,2.1301142218229536e-07,0.019383414054637213,,0.179527,0.029921136101086935,0.029921136101086935,0.14387810196233672,0.36
9,4,4.9,0.343,1.05,True,,0.2094727489743076,1673.4336604538883,,6.802509587949323e-07,0.003186115550116532,,0.17394,0.02899002194404602,0.02899002194404602,0.14387810196233672,0.54
9,5,4.1,0.336,1.0,True,,0.15642401705695985,1402.4490348466054,,5.396193717931825e-06,0.019529356018466417,,0.168236,0.028039403292867873,0.028039403292867873,0.14387810196233672,0.7
9,6,4.4,0.3375,1.0,True,,0.13299707679593992,1445.299620679411,,2.6652404112607308e-06,0.014240036271135554,,0.173309,0.02888482471307119,0.02888482471307119,0.13299707679593992,0.88
9,7,4.3,0.3405,1.0,True,,0.1220637346520284,1385.7270333626095,,3.898858060432591e-06,0.015576449945703324,,0.162397,0.027066184414757624,0.027066184414757624,0.1220637346520284,1.04
9,8,4.2,0.3445,1.0,True,,0.11492637310034469,1336.7395644701019,,4.237197062587416e-06,0.006322826778746872,,0.182545,0.030424131155014036,0.030424131155014036,0.11492637310034469,1.22
9,9,4.1,0.3485,1.0,True,,0.10831099281002222,1293.862731134669,,4.001265552749041e-06,0.0013117882057262422,,0.178513,0.02975210083855523,0.02975210083855523,0.10831099281002222,1.4
9,10,4.0,0.353,1.0,True,,0.11018078536882701,1248.3130125543896,,5.6075183177287486e-06,0.004433342550706013,,0.174732,0.029121934175491332,0.029121934175491332,0.10831099281002222,1.58
9,11,4.05,0.351,1.0,True,,0.10394930598340246,1266.2715386182692,,4.502754511806854e-06,0.004225302302717963,,0.175308,0.02921793864832984,0.02921793864832984,0.10394930598340246,1.75
9,12,4.15,0.355,1.0,True,,0.09200743281839373,1243.2380554309852,,4.365128860187207e-06,0.014587411381119112,,0.172994,0.028832293152809142,0.028832293152809142,0.09200743281839373,1.92
9,13,4.25,0.36,1.0,True,,0.08873769763796835,1214.8065545623176,,4.819925593028765e-06,0.0027875011110272225,,0.173845,0.028974245256847806,0.028974245256847806,0.08873769763796835,2.1
9,14,4.4,0.367,1.0,True,,0.07992252788466318,1180.5658953963052,,4.439514491352423e-06,0.004827387628942618,,0.174938,0.02915631830692291,0.02915631830692291,0.07992252788466318,2.27
9,15,4.6,0.376,1.0,True,,0.05280148789281386,1164.5538267058607,,1.6270604228606865e-06,0.010219697259595612,,0.171695,0.028615761995315552,0.028615761995315552,0.05280148789281386,2.45
9,16,4.85,0.387,1.0,True,,0.08639034746562281,1349.7113836221777,,1.5563025535480876e-07,0.008056035052045841,,0.173192,0.02886525915728675,0.02886525915728675,0.05280148789281386,2.62
9,17,4.72,0.3815,1.0,True,,0.04096232047076631,1171.7734193980198,,1.1490262894574263e-06,0.0026334528574678095,,0.173032,0.028838711712095472,0.028838711712095472,0.04096232047076631,2.79
9,18,4.78,0.3835,1.0,True,,0.06341328729818074,1338.8079367403989,,6.214327202966597e-07,0.0007189182951727131,,0.173039,0.028839852809906006,0.028839852809906006,0.04096232047076631,2.96
9,19,4.68,0.3798,1.0,True,,0.0096847271296562,1247.9688281973206,,1.1037057756838976e-06,0.006540105020316358,,0.168675,0.028112420837084453,0.028112420837084453,0.0096847271296562,3.13
9,20,4.66,0.379,1.0,True,,0.007458416699981809,1241.5658353937126,,1.0657378848928433e-06,0.010875091715602643,,0.170338,0.028389633629057144,0.028389633629057144,0.007458416699981809,3.3
